Nombre completo,Edad,Semestre,Dirección,Número de cuenta,Asignaturas Aprobadas,Promedio,Escolaridad,Velocidad,Número de Inscripción
Melania Méndez Iriarte,19,1,El Olmo|32|Ciudad Jardin|Benito Juarez|Ciudad de Mexico|2292,683429,5 de 5,9.6,100.0,100.0,1
Leyre Ayala Borrell,18,1,San Angel|39|El Yaqui|Iztacalco|Ciudad de Mexico|59199,9533,5 de 5,9.2,100.0,100.0,2
Victor Méndez Iriarte,20,1,Parques de La Ca–ada|50|Campo de Tiro los Gamitos|Iztacalco|Ciudad de Mexico|23242,149315,5 de 5,9.0,100.0,100.0,3
Esmeralda Barreda Cabeza,20,1,Diana Laura Riojas de Colosio|75|Las Salinas|La Magdalena en Contreras|Ciudad de Mexico|21544,753458,5 de 5,9.0,100.0,100.0,4
Adolfo Sastre Moreno,22,3,Campo Verde|96|Villa Verdun|Iztacalco|Ciudad de Mexico|47749,9616,15 de 15,8.8,100.0,100.0,5
Ines Moles Barón,19,2,Repœblica Poniente|79|Los Reyes|Itzapalapa|Ciudad de Mexico|56057,578679,10 de 10,8.7,100.0,100.0,6
Maximo Caparrós Mascaró,20,1,Las Caba–as|2|Cosmopolita|Venustiano Carranza|Ciudad de Mexico|77690,710478,5 de 5,8.6,100.0,100.0,7
Bernardino Julia Quiros,18,2,Guadalupe Victoria|42|Golondrinas 1a Seccion|Cuahutemoc|Ciudad de Mexico|17218,388808,10 de 10,8.6,100.0,100.0,8
Jose Marcos Mercader Cepeda,19,2,Las Magnolias|53|San Pedro Xalpa|Azcapotzalco|Ciudad de Mexico|83290,611887,10 de 10,8.6,100.0,100.0,9
Lucas Sanchez Checa,19,2,El Refugio la Soledad|46|El Piru Santa Fe|Álvaro Obregon|Ciudad de Mexico|76156,209506,10 de 10,8.5,100.0,100.0,10
Marina Giralt Font,26,8,Valle de las Flores Popular|59|Lomas del Capulin|Iztacalco|Ciudad de Mexico|95163,861184,40 de 40,8.4,100.0,100.0,11
Isidro Caña Salgado,19,3,Lomas de Pe–a|80|Santa Cruz Atoyac|La Magdalena en Contreras|Ciudad de Mexico|10010,340082,15 de 15,8.4,100.0,100.0,12
Rosaura Sanchez Checa,19,4,Pueblo Insurgentes|74|San Clemente Sur|Tlalpan|Ciudad de Mexico|88934,415490,20 de 20,8.35,100.0,100.0,13
Elisabet Diaz Oliveras,24,7,Los Geranios|80|Carmen Serdan|Benito Juarez|Ciudad de Mexico|89755,119106,35 de 35,8.31,100.0,100.0,14
Amilcar Bermejo Rivero,21,5,Insurgentes|6|Romero de Terreros|Cuajimalpa de Morelos|Ciudad de Mexico|76243,557540,25 de 25,8.2,100.0,100.0,15
Isaac Bermejo Rivero,18,2,Los Doctores|40|Campestre Churubusco|Azcapotzalco|Ciudad de Mexico|48594,536468,10 de 10,8.2,100.0,100.0,16
Bárbara Campillo Soriano,23,7,Visalta|43|Joyas del Pedregal|La Magdalena en Contreras|Ciudad de Mexico|46534,940120,35 de 35,8.2,100.0,100.0,17
Miguel Valenzuela Quero,20,4,Lourdes|31|Carola|Benito Juarez|Ciudad de Mexico|21964,816973,20 de 20,8.2,100.0,100.0,18
Iker Méndez Iriarte,18,1,Albatros Residencial|69|Narvarte Oriente|Itzapalapa|Ciudad de Mexico|48526,524777,5 de 5,8.2,100.0,100.0,19
Lucas Sanchez Cortina,21,4,Los Valdez|30|Tlacoquemecatl|Milpa Alta|Ciudad de Mexico|90339,842809,20 de 20,8.2,100.0,100.0,20
Maximo Campillo Soriano,22,5,La Salle|21|La Concepcion|Milpa Alta|Ciudad de Mexico|47155,873618,25 de 25,8.16,100.0,100.0,21
Abel Adan Alcolea Soriano,23,8,Luis Donaldo Colosio|53|Cove|Cuahutemoc|Ciudad de Mexico|43714,85522,40 de 40,8.13,100.0,100.0,22
Santos Ríos Leon,21,5,La Minita|2|Nueva El Rosario|Miguel Hidalgo|Ciudad de Mexico|1251,257890,25 de 25,8.12,100.0,100.0,23
Rosalina Coca Ballesteros,19,4,Jardines de los Bosques|31|Contadero|Cuahutemoc|Ciudad de Mexico|58237,646927,20 de 20,8.1,100.0,100.0,24
Victor Lopez Ortiz,24,9,Rio Verde|57|San Andres|Milpa Alta|Ciudad de Mexico|78416,621554,45 de 45,8.09,100.0,100.0,25
Melania Perera Gomez,21,3,Obrera|63|Lomas Axomiatla|Álvaro Obregon|Ciudad de Mexico|28152,508310,15 de 15,8.07,100.0,100.0,26
Bernardino Robles Roca,23,7,Las Torres|78|Punta de Cehuaya|Venustiano Carranza|Ciudad de Mexico|28795,645104,35 de 35,8.06,100.0,100.0,27
Vito Cano Carreras,22,6,Quinta Esmeralda|82|Tolteca|Iztacalco|Ciudad de Mexico|55776,909136,30 de 30,8.03,100.0,100.0,28
Anacleto Cáceres Gordillo,23,8,Burocratas Municipales|57|El Pirul|Azcapotzalco|Ciudad de Mexico|98117,439495,39 de 40,8.45,97.5,97.13,29
Ester Alcolea Soriano,18,1,Virreyes Industrial|68|8 de Agosto|Benito Juarez|Ciudad de Mexico|94867,196618,5 de 5,8.0,100.0,100.0,30
Rosalina Cáceres Gordillo,18,1,Acueducto|6|Hidalgo|Azcapotzalco|Ciudad de Mexico|20224,647926,5 de 5,8.0,100.0,100.0,31
Heraclio Diaz Oliveras,21,5,San Juan Bautista|21|Residencial Emperadores|Milpa Alta|Ciudad de Mexico|41158,388288,25 de 25,8.0,100.0,100.0,32
Maximo Celso Valbuena Araujo,22,3,Villas del Ranchito|78|San Miguel Amantla|Gustavo A. Madero|Ciudad de Mexico|94736,63451,15 de 15,8.0,100.0,100.0,33
Nazario Lopez Ortiz,26,8,Virreyes Industrial|37|8 de Agosto|Cuajimalpa de Morelos|Ciudad de Mexico|98337,41358,40 de 40,7.97,100.0,100.0,34
Elisabet Segarra Bru,27,10,Campestre Capellanea|49|Del Valle Sur|Cuahutemoc|Ciudad de Mexico|36846,642464,50 de 50,7.94,100.0,100.0,35
Melania Celso Valbuena Araujo,23,6,Pueblo Insurgentes|17|San Clemente Sur|Gustavo A. Madero|Ciudad de Mexico|22304,198820,30 de 30,7.93,100.0,100.0,36
Eladio Mercader Cepeda,20,3,Magisterio Seccion 38|57|Adolfo Ruiz Cortines|Coyoacan|Ciudad de Mexico|8873,21421,15 de 15,7.93,100.0,100.0,37
Amilcar Aranda Roura,27,10,El Portal|56|Santa Cruz Acayucan|Coyoacan|Ciudad de Mexico|94327,81230,50 de 50,7.92,100.0,100.0,38
Victor Celso Valbuena Araujo,26,9,Jardines del Valle|54|Oxtopulco Universidad|Iztacalco|Ciudad de Mexico|65907,150956,44 de 45,8.22,97.78,98.45,39
Marina Castilla Vergara,21,4,Las Teresitas|83|Calzada Jalalpa|Benito Juarez|Ciudad de Mexico|34960,585892,20 de 20,7.9,100.0,100.0,40
Marina Aranda Roura,26,7,La Central|42|Las Americas|Coyoacan|Ciudad de Mexico|41671,517245,35 de 35,7.83,100.0,100.0,41
Trinidad Valenzuela Quero,19,1,Bonanza|25|Espartaco|Milpa Alta|Ciudad de Mexico|19821,372385,5 de 5,7.8,100.0,100.0,42
Elisabet Lopez Ortiz,19,2,Julieta Perez|61|Santa Cruz de las Salinas|La Magdalena en Contreras|Ciudad de Mexico|4861,619325,10 de 10,7.8,100.0,100.0,43
Amanda Maria Arenas Cabo,21,3,Los Nogales|88|Altavista|Gustavo A. Madero|Ciudad de Mexico|43020,495781,15 de 15,7.8,100.0,100.0,44
Marina Castilla Vergara,24,8,Guanajuato|65|El Rosario|Iztacalco|Ciudad de Mexico|93952,811886,40 de 40,7.78,100.0,100.0,45
Esmeralda Peña Revilla,26,7,Hacienda San Pablo|98|El Mirador del Pueblo Tetelpan|Coyoacan|Ciudad de Mexico|74985,775856,35 de 35,7.77,100.0,100.0,46
Santos Diaz Oliveras,20,4,Panteones|13|Miguel Hidalgo|Álvaro Obregon|Ciudad de Mexico|72778,918156,20 de 20,7.7,100.0,100.0,47
Isidro Méndez Iriarte,21,6,Los Algodones|90|San Francisco Xocotitla|Cuahutemoc|Ciudad de Mexico|85339,60471,30 de 30,7.7,100.0,100.0,48
Ester Sanchez Cortina,24,8,La Herradura|75|Amado Nervo|La Magdalena en Contreras|Ciudad de Mexico|17386,3677,39 de 40,8.05,97.5,97.7,49
Bernardino Oliveras Morán,24,8,12 de Octubre|91|1a Ampliacion Presidentes|Tlalpan|Ciudad de Mexico|62832,426418,40 de 40,7.63,100.0,100.0,50
Bárbara Silva Acosta,22,6,Portal de Asturias|24|Acuilotla|Coyoacan|Ciudad de Mexico|74455,586970,30 de 30,7.63,100.0,100.0,51
Bárbara Bas Garmendia,21,6,El Rosario|97|Ex-Hacienda Coapa|Tlahuac|Ciudad de Mexico|64019,789784,29 de 30,8.13,96.67,96.99,52
Jacobo Campillo Soriano,20,1,Parque Industrial Cerritos|84|Santa ursula Coapa|Cuahutemoc|Ciudad de Mexico|40396,429408,5 de 5,7.6,100.0,100.0,53
Vito Celso Valbuena Araujo,18,1,15 de Abril|39|Molino de Santo Domingo|Tlahuac|Ciudad de Mexico|73801,73304,5 de 5,7.6,100.0,100.0,54
Consuelo Alcalá Armas,25,9,Los Rosarios Popular|25|Tezozomoc|Miguel Hidalgo|Ciudad de Mexico|59895,538464,45 de 45,7.58,100.0,100.0,55
Sofia Cano Carreras,24,8,Campo Verde|57|Villa Verdun|Miguel Hidalgo|Ciudad de Mexico|58348,179561,39 de 40,7.9,97.5,98.28,56
Isidro Coca Ballesteros,26,7,Pe–a Alta|30|Miguel Aleman|Itzapalapa|Ciudad de Mexico|70866,434005,34 de 35,8.0,97.14,97.37,57
Rosalina Cáceres Gordillo,26,8,Lourdes|46|Carola|Coyoacan|Ciudad de Mexico|95381,996097,39 de 40,7.88,97.5,97.7,58
Jenny Victoria Giralt Font,20,2,Valle de las Torres|11|Ampliacion Tepeaca|Cuahutemoc|Ciudad de Mexico|32670,254497,10 de 10,7.5,100.0,100.0,59
Eladio Bermejo Rivero,26,8,Andalucia|44|Lomas de Puerta Grande|Iztacalco|Ciudad de Mexico|76760,378588,39 de 40,8.0,97.5,95.98,60
Leyre Castilla Vergara,22,4,Villa Fontana|41|Bosques de las Lomas|Azcapotzalco|Ciudad de Mexico|11140,245197,19 de 20,8.25,95.0,95.45,61
Ani Segarra Bru,26,7,Satelite Norte|35|Colinas de Tarango|Itzapalapa|Ciudad de Mexico|99318,337597,34 de 35,7.94,97.14,96.71,62
Vito Sanchez Cortina,26,7,Santa Cristina|26|Lomas de Memetla|Benito Juarez|Ciudad de Mexico|98779,107303,33 de 35,8.29,94.29,94.74,63
Santos Maestre Herrera,19,1,Torrealta Residencial|44|Xoco|Álvaro Obregon|Ciudad de Mexico|18093,400757,5 de 5,7.4,100.0,100.0,64
Rosalina Fuertes Aguado,21,5,Venustiano Carranza|60|Santo Tomas|Benito Juarez|Ciudad de Mexico|62538,607246,24 de 25,7.96,96.0,96.33,65
Ester Cano Carreras,23,8,San Jose de los Cerritos|88|Cantil del Pedregal|La Magdalena en Contreras|Ciudad de Mexico|55733,394255,38 de 40,8.1,95.0,95.4,66
Agustina Lopez Ortiz,25,8,Bordo Ferrocarril|93|Santa Maria Malinalco|Milpa Alta|Ciudad de Mexico|51737,305704,38 de 40,8.07,95.0,95.4,67
Nazario Aranda Roura,22,4,La Estrella|58|Ampliacion La Cebada|La Magdalena en Contreras|Ciudad de Mexico|48837,116910,19 de 20,8.05,95.0,95.45,68
Abel Adan Valenzuela Quero,24,10,Villa Vergel Residencial|22|Periodista|Álvaro Obregon|Ciudad de Mexico|34303,686715,48 de 50,7.78,96.0,97.2,69
Amanda Maria Yañez Carro,19,3,Puerta del Sol|39|Arenal|Itzapalapa|Ciudad de Mexico|69833,598551,14 de 15,8.13,93.33,95.52,70
Ester Valenzuela Quero,26,10,Huerta los Pilares|65|Sindicato Mexicano de Electricistas|Venustiano Carranza|Ciudad de Mexico|74555,716799,48 de 50,7.86,96.0,95.79,71
Lucas Ayala Borrell,25,10,Sierra del Sur|38|Pueblo Nuevo|Milpa Alta|Ciudad de Mexico|38255,876464,48 de 50,7.82,96.0,96.26,72
Jacobo Aranda Roura,25,10,Rincon de los Adobes|0|Acacias|Iztacalco|Ciudad de Mexico|83017,120941,48 de 50,7.82,96.0,95.79,73
Ester Caña Salgado,24,9,Lazaro Cardenas|92|Belem de las Flores|Coyoacan|Ciudad de Mexico|1186,200904,43 de 45,7.84,95.56,95.88,74
Jenny Victoria Giralt Font,23,5,Ignacio Zaragoza Popular|57|San Andres de las Salinas|Gustavo A. Madero|Ciudad de Mexico|36289,383556,24 de 25,7.76,96.0,96.33,75
Bárbara Lara Coello,24,9,Villas del Ranchito|74|San Miguel Amantla|Coyoacan|Ciudad de Mexico|82462,1126,43 de 45,7.8,95.56,95.88,76
Bárbara Oliveras Morán,26,9,Maria Luisa|12|Ejido San Mateo|Miguel Hidalgo|Ciudad de Mexico|30328,514596,44 de 45,7.58,97.78,96.39,77
Esmeralda Ríos Leon,24,6,El Toreo|22|Las Tinajas|Itzapalapa|Ciudad de Mexico|65156,285842,29 de 30,7.67,96.67,96.24,78
Nicolasa Robles Roca,21,4,Latinoamericana|68|Copilco El Bajo|Benito Juarez|Ciudad de Mexico|23558,469160,19 de 20,8.05,95.0,93.18,79
Elisabet Méndez Iriarte,23,7,Maria Luisa|3|Ejido San Mateo|Milpa Alta|Ciudad de Mexico|90135,895944,34 de 35,7.51,97.14,97.37,80
Amilcar Arenas Cabo,23,5,La Libertad|68|Cooperativa Palo Alto|Gustavo A. Madero|Ciudad de Mexico|44026,75448,24 de 25,7.64,96.0,96.33,81
Maximo Castilla Vergara,24,10,Villa Vergel Residencial|40|Periodista|Coyoacan|Ciudad de Mexico|51806,278648,48 de 50,7.68,96.0,95.79,82
Bernardino Cano Carreras,21,5,12 de Octubre|4|1a Ampliacion Presidentes|Tlalpan|Ciudad de Mexico|68799,200242,24 de 25,7.52,96.0,97.25,83
Maximo Bermejo Rivero,19,4,Julieta Perez|94|Santa Cruz de las Salinas|Milpa Alta|Ciudad de Mexico|10003,345948,19 de 20,7.8,95.0,94.32,84
Tatiana Fuertes Aguado,20,3,America|43|Presidentes Ejidales 1a Seccion|Álvaro Obregon|Ciudad de Mexico|26206,150779,14 de 15,7.8,93.33,95.52,85
Trinidad Oliveras Morán,23,6,Puerto de La Virgen|62|Jardines del Pedregal|Azcapotzalco|Ciudad de Mexico|78940,613858,29 de 30,7.53,96.67,95.49,86
Esmeralda Alcalá Armas,27,9,La Purisima|78|Corpus Christy|Benito Juarez|Ciudad de Mexico|44098,156579,42 de 45,7.93,93.33,93.81,87
Ester Eufemia Amo Carbajo,21,6,Huerta los Pilares|9|Sindicato Mexicano de Electricistas|Tlalpan|Ciudad de Mexico|77032,857963,29 de 30,7.37,96.67,96.99,88
Leyre Bermejo Rivero,20,4,La Madrid|82|Florida|Benito Juarez|Ciudad de Mexico|95356,455013,19 de 20,7.7,95.0,94.32,89
Sofia Arenas Cabo,25,9,Los Maestros|27|Cuadrante de San Francisco|Tlahuac|Ciudad de Mexico|60107,671477,43 de 45,7.47,95.56,95.88,90
Isaac Miralles Reina,27,10,23 de Noviembre|41|Jalalpa Tepito 2a Ampliacion|Álvaro Obregon|Ciudad de Mexico|3685,144104,47 de 50,7.78,94.0,93.46,91
Ani Celso Valbuena Araujo,25,9,Satelite Sur|72|El Rincon|Azcapotzalco|Ciudad de Mexico|96174,437738,42 de 45,7.89,93.33,92.78,92
Amilcar Bermejo Rivero,25,10,Brisas Poniente|10|Napoles|Tlalpan|Ciudad de Mexico|83074,219076,47 de 50,7.6,94.0,94.86,93
Jonatan Valera Bustos,24,6,Nazario S Ortiz Garza|27|Estado de Hidalgo|Itzapalapa|Ciudad de Mexico|15985,883247,28 de 30,7.7,93.33,93.98,94
Iker Eufemia Amo Carbajo,21,5,Chapultepec|34|Axotla|Tlahuac|Ciudad de Mexico|31271,425660,23 de 25,7.84,92.0,93.58,95
Esmeralda Gutiérrez Alvarado,24,6,Maria Luisa|7|Ejido San Mateo|Cuahutemoc|Ciudad de Mexico|82641,822810,27 de 30,8.17,90.0,91.73,96
Miguel Alcolea Soriano,19,3,Valle de las Torres|48|Ampliacion Tepeaca|Álvaro Obregon|Ciudad de Mexico|73789,168536,14 de 15,7.73,93.33,92.54,97
Abel Adan Valenzuela Quero,27,10,Brisas Poniente|37|Napoles|Coyoacan|Ciudad de Mexico|62837,782498,46 de 50,7.88,92.0,92.06,98
Elisabet Valera Bustos,19,4,Froylan Mier Narro|98|Los Gamitos|Venustiano Carranza|Ciudad de Mexico|44561,677039,19 de 20,7.35,95.0,95.45,99
Samuel Uría Asensio,24,5,Ex Hacienda los Cerritos|39|Prados de Coyoacan|Tlalpan|Ciudad de Mexico|42285,164358,23 de 25,7.96,92.0,90.83,100
Miguel Miralles Reina,26,9,Los Buitres|19|Preconcreto|Benito Juarez|Ciudad de Mexico|91310,508614,42 de 45,7.53,93.33,94.33,101
Consuelo Sanchez Checa,19,3,Gustavo Espinosa Mireles|60|La Pe–ita del Pueblo Tetelpan|Tlahuac|Ciudad de Mexico|84163,525050,14 de 15,7.67,93.33,92.54,102
Consuelo Lopez Ortiz,25,8,Rincon de Foret|79|Golondrinas 2a Seccion|Tlalpan|Ciudad de Mexico|42140,357478,37 de 40,7.7,92.5,92.53,103
Isidro Robles Roca,26,8,Torrealta Residencial|38|Xoco|Itzapalapa|Ciudad de Mexico|96843,643576,37 de 40,7.65,92.5,93.1,104
Santos Ríos Leon,18,2,Leandro Valle|42|Bosques de Tetlameya|Tlalpan|Ciudad de Mexico|81714,7779,9 de 10,8.2,90.0,88.89,105
Ester Alcolea Soriano,19,2,Virreyes Obrera|29|Ciudad de los Deportes|Álvaro Obregon|Ciudad de Mexico|30108,922052,9 de 10,8.2,90.0,88.89,106
Sofia Silva Acosta,19,2,San Isidro|80|El Jaguey|Benito Juarez|Ciudad de Mexico|31299,990238,9 de 10,8.4,90.0,86.67,107
Rosalina Pinto Salgado,25,10,Maria Luisa|67|Ejido San Mateo|Iztacalco|Ciudad de Mexico|12602,207727,46 de 50,7.74,92.0,91.59,108
Samuel Castilla Vergara,23,7,Oasis|36|Letran Valle|Cuahutemoc|Ciudad de Mexico|22687,347500,32 de 35,8.03,91.43,88.82,109
Samuel Campillo Soriano,26,9,Cerro del Pueblo|84|San Jose del Olivar|Miguel Hidalgo|Ciudad de Mexico|36179,951223,41 de 45,7.87,91.11,90.72,110
Adolfo Sanchez Checa,27,9,Villas de Aranjuez|95|Aldana|Miguel Hidalgo|Ciudad de Mexico|79718,808945,41 de 45,7.87,91.11,90.72,111
Santos Aranda Roura,25,8,Oceanea Boulevares|69|Culhuacan CTM Seccion III|Tlalpan|Ciudad de Mexico|37147,304647,37 de 40,7.55,92.5,93.1,112
Elisabet Peña Revilla,19,2,Buenos Aires|24|Bonanza|Tlahuac|Ciudad de Mexico|44943,560857,9 de 10,8.1,90.0,88.89,113
Consuelo Fuertes Aguado,19,4,Las Mitras|8|Lomas de los angeles del Pueblo Tetelpan|Cuajimalpa de Morelos|Ciudad de Mexico|12956,526026,18 de 20,7.8,90.0,92.05,114
Anacleto Viña Peláez,22,3,Alpes|53|Copilco El Alto|Itzapalapa|Ciudad de Mexico|14241,899478,13 de 15,8.73,86.67,85.07,115
Sofia Castilla Vergara,22,3,Jardines de Versalles|17|Euzkadi|Álvaro Obregon|Ciudad de Mexico|71551,596420,14 de 15,7.33,93.33,94.03,116
Isaac Paniagua Aragón,23,8,Pueblo Insurgentes|81|San Clemente Sur|La Magdalena en Contreras|Ciudad de Mexico|79010,597009,36 de 40,7.93,90.0,89.66,117
Isidro Ríos Leon,19,4,Los Gonzalez|50|Santiago Ahuizotla|Miguel Hidalgo|Ciudad de Mexico|69290,250287,18 de 20,8.0,90.0,88.64,118
Elisabet Silva Acosta,20,3,La Salle|12|La Concepcion|Tlahuac|Ciudad de Mexico|43704,607742,14 de 15,7.27,93.33,94.03,119
Marita Anna Barreda Cabeza,25,10,El Toreo|8|Las Tinajas|Milpa Alta|Ciudad de Mexico|47470,567703,44 de 50,8.24,88.0,87.38,120
Bonifacio Cáceres Gordillo,24,7,Hacienda Narro|28|El Pocito|Milpa Alta|Ciudad de Mexico|33942,302284,31 de 35,8.17,88.57,87.5,121
Iker Perera Gomez,18,2,Alcazar Residencial|21|Santa Cecilia|Miguel Hidalgo|Ciudad de Mexico|39257,271275,9 de 10,7.9,90.0,88.89,122
Bonifacio Perales Abellan,26,9,Santa Monica|57|Olivar del Conde 1a Seccion|Tlalpan|Ciudad de Mexico|68284,497750,41 de 45,7.56,91.11,91.75,123
Sofia Diaz Oliveras,19,3,Ing. Eulalio Gutierrez Trevi–o|35|Martires de Tacubaya|Álvaro Obregon|Ciudad de Mexico|23265,587340,14 de 15,7.2,93.33,94.03,124
Bonifacio Caña Salgado,26,10,Quinta Valle|98|Cristo Rey|Tlahuac|Ciudad de Mexico|45703,888506,45 de 50,7.74,90.0,90.65,125
Amanda Maria Ríos Leon,26,10,Las Magnolias|85|San Pedro Xalpa|Benito Juarez|Ciudad de Mexico|6747,776655,45 de 50,7.7,90.0,90.65,126
Ani Perera Gomez,20,3,Terranova|69|Xotepingo|Cuahutemoc|Ciudad de Mexico|40545,688096,13 de 15,8.07,86.67,89.55,127
Esmeralda Julia Quiros,26,7,Insurgentes|28|Romero de Terreros|Venustiano Carranza|Ciudad de Mexico|44625,104656,32 de 35,7.49,91.43,91.45,128
Marita Anna Miralles Reina,22,4,Los Arrayanes|36|Villa de Cortes|Benito Juarez|Ciudad de Mexico|35922,961524,18 de 20,7.75,90.0,89.77,129
Ines Castilla Vergara,24,7,Hacienda San Jeronimo|82|Aguilera|Cuahutemoc|Ciudad de Mexico|46399,950764,31 de 35,7.97,88.57,88.16,130
Jacobo Lopez Ortiz,27,10,El Alamo|90|Bejero del Pueblo Santa Fe|Benito Juarez|Ciudad de Mexico|76694,734430,45 de 50,7.74,90.0,89.25,131
Gracia Paniagua Aragón,25,8,Nueva Espa–a|92|Ermita|La Magdalena en Contreras|Ciudad de Mexico|51785,537761,36 de 40,7.65,90.0,90.23,132
Jonatan Cano Carreras,24,5,Lomas del Refugio|16|Ampliacion La Mexicana|Cuahutemoc|Ciudad de Mexico|9053,625624,23 de 25,7.24,92.0,92.66,133
Rosalina Sanchez Checa,19,2,Guayulera Tierra y Esperanza|9|Del Recreo|Cuahutemoc|Ciudad de Mexico|13994,35614,9 de 10,7.7,90.0,88.89,134
Maxi Silva Acosta,19,2,Rincon de los Adobes|94|Acacias|Tlahuac|Ciudad de Mexico|39247,561236,9 de 10,7.7,90.0,88.89,135
Tatiana Castilla Vergara,21,4,Las Quintas|78|Porvenir|Cuahutemoc|Ciudad de Mexico|91613,351597,18 de 20,7.6,90.0,89.77,136
Ester Caparrós Mascaró,24,6,La Florencia|24|Canutillo 3a Seccion|Coyoacan|Ciudad de Mexico|70108,365592,27 de 30,7.53,90.0,90.23,137
Abel Adan Sanchez Checa,22,6,El Volcan|48|Ex-Hacienda de Guadalupe Chimalistac|Iztacalco|Ciudad de Mexico|16157,452878,27 de 30,7.63,90.0,88.72,138
Consuelo Castilla Vergara,24,8,Country Club Residencial|4|Ampliacion Del Gas|Benito Juarez|Ciudad de Mexico|86100,894993,36 de 40,7.55,90.0,89.66,139
Marita Anna Méndez Iriarte,18,2,Real Ankara|9|Tlacuitlapa|Iztacalco|Ciudad de Mexico|45465,66062,9 de 10,7.8,90.0,86.67,140
Marina Silva Acosta,23,7,Hacienda la Magueyada|4|Las Aguilas 2o Parque|Coyoacan|Ciudad de Mexico|83251,680709,31 de 35,7.89,88.57,86.84,141
Lucas Silva Acosta,25,7,Virreyes Colonial|9|San Pedro de los Pinos|Benito Juarez|Ciudad de Mexico|77187,905913,31 de 35,7.71,88.57,88.82,142
Vito Sanchez Checa,19,3,Guanajuato|82|El Rosario|Venustiano Carranza|Ciudad de Mexico|90386,467621,13 de 15,7.93,86.67,88.06,143
Fidela Sastre Moreno,21,5,Paseo de la Estrella|0|Hogar y Redencion|Benito Juarez|Ciudad de Mexico|98859,914551,22 de 25,7.72,88.0,88.99,144
Heraclio Lopez Ortiz,24,5,Torrealta Residencial|85|Xoco|Tlalpan|Ciudad de Mexico|56433,594569,22 de 25,7.88,88.0,87.16,145
Nazario Celso Valbuena Araujo,24,6,Ampliacion Colinas del Sur|75|Sacramento|Azcapotzalco|Ciudad de Mexico|23264,76840,27 de 30,7.6,90.0,87.97,146
Victor Bas Garmendia,24,6,Hacienda San Rafael|16|Piru Santa Lucia|Cuajimalpa de Morelos|Ciudad de Mexico|84278,808377,27 de 30,7.53,90.0,88.72,147
Ani Cano Carreras,22,6,Obrera|70|Lomas Axomiatla|Coyoacan|Ciudad de Mexico|22100,998584,27 de 30,7.4,90.0,90.23,148
Santos Pinto Salgado,20,2,Anahuac|88|Lomas de las Aguilas|Iztacalco|Ciudad de Mexico|78737,210020,9 de 10,7.5,90.0,88.89,149
Eladio Sanchez Cortina,23,7,Miravalle|36|Liberales de 1857|Iztacalco|Ciudad de Mexico|49046,533441,31 de 35,7.69,88.57,86.84,150
Gracia Perales Abellan,22,3,La Estrella|97|Ampliacion La Cebada|Iztacalco|Ciudad de Mexico|42379,611153,13 de 15,7.87,86.67,86.57,151
Heraclio Fuertes Aguado,26,8,Las Rosas|5|Ampliacion Los Pirules|Álvaro Obregon|Ciudad de Mexico|12279,800020,35 de 40,7.82,87.5,86.21,152
Jennifer Castilla Vergara,23,5,Oscar Flores Tapia|14|Torres de Potrero|Venustiano Carranza|Ciudad de Mexico|86350,320466,22 de 25,7.68,88.0,87.16,153
Gracia Lopez Ortiz,25,8,La Central|80|Las Americas|Álvaro Obregon|Ciudad de Mexico|76649,877662,35 de 40,7.6,87.5,88.51,154
Anacleto Bas Garmendia,26,10,Privada Tulipanes|39|El Mirador|Cuajimalpa de Morelos|Ciudad de Mexico|78057,42891,43 de 50,7.9,86.0,85.98,155
Eladio Coca Ballesteros,19,4,Privada Francisco I. Madero|89|Rincon de la Bolsa|Venustiano Carranza|Ciudad de Mexico|9170,296050,18 de 20,7.2,90.0,89.77,156
Sofia Alcolea Soriano,19,3,Maria Luisa|91|Ejido San Mateo|Cuahutemoc|Ciudad de Mexico|86027,166790,13 de 15,7.73,86.67,86.57,157
Bonifacio Fuertes Aguado,27,10,Pedregal de los Santos Sur|21|El Ruedo|Álvaro Obregon|Ciudad de Mexico|24791,477736,44 de 50,7.5,88.0,87.85,158
Abel Adan Alcalá Armas,24,10,La Trinidad|92|Granjas Palo Alto|Benito Juarez|Ciudad de Mexico|54924,341503,43 de 50,7.78,86.0,85.98,159
Jenny Victoria Alcalá Armas,21,5,Repœblica Norte|57|Educacion|Cuajimalpa de Morelos|Ciudad de Mexico|6591,103765,22 de 25,7.4,88.0,88.07,160
Rosalina Moles Barón,23,8,Valle de las Flores Popular|87|Lomas del Capulin|Miguel Hidalgo|Ciudad de Mexico|13927,218669,35 de 40,7.5,87.5,87.36,161
Agustina Diaz Oliveras,25,9,Nuevo Mexico|32|Cehuaya|Cuajimalpa de Morelos|Ciudad de Mexico|64036,719874,39 de 45,7.67,86.67,86.08,162
Abel Adan Miralles Reina,27,9,Hacienda las Isabeles|81|2a Seccion Ca–ada|Tlahuac|Ciudad de Mexico|34906,901749,39 de 45,7.62,86.67,86.6,163
Pacifica Yañez Carro,23,6,Campestre Capellanea|4|Del Valle Sur|Venustiano Carranza|Ciudad de Mexico|91456,174169,26 de 30,7.6,86.67,86.47,164
Iker Barreda Cabeza,24,8,San Luis|31|Santa Fe Cuajimalpa|Venustiano Carranza|Ciudad de Mexico|5538,893702,34 de 40,7.85,85.0,85.06,165
Isaac Valenzuela Quero,23,5,Los Olivos Residencial|7|Villa Quietud|Benito Juarez|Ciudad de Mexico|94959,537319,22 de 25,7.32,88.0,88.07,166
Maxi Cáceres Gordillo,27,9,Los Molinos|70|San Lorenzo Acopilco|La Magdalena en Contreras|Ciudad de Mexico|15443,178285,39 de 45,7.67,86.67,85.05,167
Rosalina Yañez Carro,25,8,Vicente Guerrero|18|Los Cedros|Tlahuac|Ciudad de Mexico|96143,439255,35 de 40,7.53,87.5,85.63,168
Rosalina Bermejo Rivero,26,10,Nueva Jerusalen|88|Piloto Adolfo Lopez Mateos|Cuahutemoc|Ciudad de Mexico|57865,217271,43 de 50,7.48,86.0,87.38,169
Tatiana Coca Ballesteros,26,8,Privada Beta Centauro|55|San Alvaro|Iztacalco|Ciudad de Mexico|65743,128366,35 de 40,7.47,87.5,85.63,170
Lucas Mercader Cepeda,24,6,Maria de Leon|10|Miguel Gaona Armenta|Azcapotzalco|Ciudad de Mexico|39239,442091,26 de 30,7.4,86.67,87.22,171
Fidela Fuertes Aguado,21,5,El Alamo|22|Bejero del Pueblo Santa Fe|Benito Juarez|Ciudad de Mexico|13411,432386,22 de 25,7.28,88.0,87.16,172
Agustina Viña Peláez,26,10,Zona Industrial|46|Extremadura Insurgentes|Tlahuac|Ciudad de Mexico|46871,160172,43 de 50,7.5,86.0,86.45,173
Lucas Diaz Oliveras,18,1,Nogalar del Campestre|88|Del Valle Norte|Tlalpan|Ciudad de Mexico|39705,328719,4 de 5,8.0,80.0,86.96,174
Rosalina Cáceres Gordillo,26,10,Portal del Sur|77|Minas Cristo Rey|Iztacalco|Ciudad de Mexico|13309,627163,43 de 50,7.48,86.0,86.45,175
Jonatan Barreda Cabeza,22,3,Quinta Esmeralda|0|Tolteca|Itzapalapa|Ciudad de Mexico|78686,549723,13 de 15,7.27,86.67,88.06,176
Isaac Maestre Herrera,20,4,Oceanea|19|Culhuacan CTM Seccion VI|Venustiano Carranza|Ciudad de Mexico|32865,284288,17 de 20,7.65,85.0,85.23,177
Jennifer Celso Valbuena Araujo,26,9,Andalucia|7|Lomas de Puerta Grande|Cuahutemoc|Ciudad de Mexico|40520,32214,38 de 45,7.67,84.44,85.05,178
Abel Adan Alcolea Soriano,25,9,Ampliacion Pacheco|12|Nextengo|Álvaro Obregon|Ciudad de Mexico|43579,84077,38 de 45,7.64,84.44,85.05,179
Agustina Silva Acosta,25,7,Las Praderas|47|Los Cipreses|Cuahutemoc|Ciudad de Mexico|66577,840984,30 de 35,7.6,85.71,84.21,180
Consuelo Arenas Cabo,25,9,Julieta Perez|35|Santa Cruz de las Salinas|Milpa Alta|Ciudad de Mexico|2577,285878,38 de 45,7.58,84.44,85.57,181
Trinidad Oliveras Morán,23,8,Privada Rincon de Salazar|4|Santa Fe|Tlalpan|Ciudad de Mexico|35217,940741,34 de 40,7.65,85.0,83.91,182
Ani Sanchez Checa,25,8,Real Villas de La Aurora|54|Locaxco|Azcapotzalco|Ciudad de Mexico|96429,209510,35 de 40,7.47,87.5,83.33,183
Virginia Gutiérrez Alvarado,23,6,Guadalupe Victoria|70|Golondrinas 1a Seccion|Coyoacan|Ciudad de Mexico|81322,447050,25 de 30,7.83,83.33,83.46,184
Marina Cáceres Gordillo,20,1,La Cieneguita|64|Ampliacion el Yaqui|Tlahuac|Ciudad de Mexico|17322,531558,4 de 5,7.8,80.0,86.96,185
Nazario Arenas Cabo,20,1,Lomas de Guadalupe|21|Abraham M. Gonzalez|Cuajimalpa de Morelos|Ciudad de Mexico|50262,600630,4 de 5,7.8,80.0,86.96,186
Ani Miralles Reina,22,6,El Tanquecito|48|Santa Catarina|Cuajimalpa de Morelos|Ciudad de Mexico|64769,230961,25 de 30,7.7,83.33,84.21,187
Isidro Lara Coello,20,4,Guanajuato Oriente|57|El Centinela|La Magdalena en Contreras|Ciudad de Mexico|54088,433753,17 de 20,7.45,85.0,85.23,188
Samuel Segarra Bru,21,4,Arboledas Residencial|27|Pro-Hogar|Venustiano Carranza|Ciudad de Mexico|51511,198487,17 de 20,7.65,85.0,82.95,189
Bernardino Aranda Roura,25,8,Campo Verde|50|Villa Verdun|Cuajimalpa de Morelos|Ciudad de Mexico|59858,927265,34 de 40,7.35,85.0,86.21,190
Leyre Barreda Cabeza,27,9,Andalucia|48|Lomas de Puerta Grande|Tlahuac|Ciudad de Mexico|91663,770281,38 de 45,7.47,84.44,85.05,191
Jacobo Diaz Oliveras,24,7,Las Teresitas|33|Calzada Jalalpa|La Magdalena en Contreras|Ciudad de Mexico|51956,211001,30 de 35,7.37,85.71,84.87,192
Isaac Giralt Font,22,4,Cruz del Aire|59|Culhuacan CTM Seccion IX-A|Benito Juarez|Ciudad de Mexico|38083,402372,17 de 20,7.25,85.0,86.36,193
Marita Anna Campillo Soriano,24,6,El Bosque|96|San Martin Xochinahuac|Milpa Alta|Ciudad de Mexico|51741,115120,25 de 30,7.5,83.33,84.96,194
Nazario Barreda Cabeza,21,4,Universo|29|Lomas de La Era|Iztacalco|Ciudad de Mexico|54896,754596,17 de 20,7.3,85.0,85.23,195
Bonifacio Valenzuela Quero,19,1,Rancho de Pe–a|44|Vertiz Narvarte|Cuajimalpa de Morelos|Ciudad de Mexico|24452,727632,4 de 5,8.0,80.0,82.61,196
Melania Giralt Font,26,10,Torrealta Residencial|38|Xoco|Cuahutemoc|Ciudad de Mexico|1425,738020,42 de 50,7.74,84.0,81.31,197
Jennifer Peña Revilla,24,7,El Alamo|42|Presidentes|Gustavo A. Madero|Ciudad de Mexico|93623,815076,29 de 35,7.74,82.86,82.24,198
Elisabet Peña Revilla,23,8,Cruz del Aire|33|Culhuacan CTM Seccion IX-A|Tlalpan|Ciudad de Mexico|67319,988279,33 de 40,7.65,82.5,83.33,199
Maxi Cano Carreras,21,3,San Lorenzo Oriente|82|Acueducto|Gustavo A. Madero|Ciudad de Mexico|96912,265435,13 de 15,7.0,86.67,86.57,200
Pacifica Robles Roca,18,2,Rosa Marea Gutierrez|82|Campestre|Azcapotzalco|Ciudad de Mexico|6578,120498,9 de 10,6.7,90.0,86.67,201
Virginia Catala Verdugo,26,8,San Juanita|95|San Gabriel|La Magdalena en Contreras|Ciudad de Mexico|44842,611408,34 de 40,7.4,85.0,82.76,202
Gracia Moles Barón,25,8,Hacienda del Refugio|41|El Piru 2a Ampliacion|Benito Juarez|Ciudad de Mexico|17536,261887,34 de 40,7.15,85.0,85.63,203
Maxi Catala Verdugo,19,1,Privadas de Aragon|13|Culhuacan CTM Seccion VII|Azcapotzalco|Ciudad de Mexico|15322,89962,4 de 5,8.8,80.0,73.91,204
Eladio Miralles Reina,20,2,El Progreso|64|Ampliacion Jalalpa|Coyoacan|Ciudad de Mexico|30495,858428,8 de 10,7.7,80.0,84.44,205
Fidela Valenzuela Quero,25,7,Las Margaritas|23|Ex-Ejido de San Pablo Tepetlapa|Cuajimalpa de Morelos|Ciudad de Mexico|69781,49759,30 de 35,7.09,85.71,85.53,206
Marita Anna Coca Ballesteros,26,8,Lucio Blanco|34|Ampliacion El Capulin|Tlalpan|Ciudad de Mexico|25741,468758,33 de 40,7.55,82.5,83.33,207
Ines Castilla Vergara,19,2,San Juan Bautista|12|Residencial Emperadores|Coyoacan|Ciudad de Mexico|64505,52196,8 de 10,8.1,80.0,80.0,208
Vito Sanchez Cortina,21,4,La Herradura|71|Ermita Tizapan|Álvaro Obregon|Ciudad de Mexico|97625,790352,17 de 20,7.35,85.0,82.95,209
Tatiana Segarra Bru,22,3,Guanajuato|10|El Rosario|Milpa Alta|Ciudad de Mexico|86608,105674,12 de 15,7.73,80.0,83.58,210
Vito Alcalá Armas,21,6,Real de Torrecillas Residencial|62|Campestre Palo Alto|Iztacalco|Ciudad de Mexico|6296,283965,25 de 30,7.3,83.33,84.96,211
Rosaura Barreda Cabeza,24,5,Insurgentes|86|Romero de Terreros|Milpa Alta|Ciudad de Mexico|98994,396803,20 de 25,7.8,80.0,82.57,212
Isaac Gutiérrez Alvarado,21,4,Puerta del Sol|86|Arenal|Cuahutemoc|Ciudad de Mexico|52627,477112,17 de 20,7.3,85.0,82.95,213
Adolfo Uría Asensio,25,8,Colinas del Sur|42|Galeana|Tlahuac|Ciudad de Mexico|34890,953593,34 de 40,7.2,85.0,83.91,214
Marina Bermejo Rivero,24,10,Villas Castellana|87|Palmas Axotitla|Milpa Alta|Ciudad de Mexico|62492,741196,41 de 50,7.52,82.0,82.71,215
Bárbara Viña Peláez,18,1,Girasol|11|Zenon Delgado|Milpa Alta|Ciudad de Mexico|98061,518218,4 de 5,8.6,80.0,73.91,216
Gracia Valenzuela Quero,21,3,Industrial Valle de Saltillo|24|Ampliacion Estado de Hidalgo|Gustavo A. Madero|Ciudad de Mexico|65643,149027,12 de 15,7.87,80.0,80.6,217
Bárbara Castilla Vergara,24,9,Luis Donaldo Colosio|10|Cove|Cuajimalpa de Morelos|Ciudad de Mexico|95864,198995,37 de 45,7.38,82.22,83.51,218
Lucas Julia Quiros,25,7,Villa Hibernia|77|La Otra Banda|Venustiano Carranza|Ciudad de Mexico|27673,342607,29 de 35,7.49,82.86,81.58,219
Fidela Sanchez Cortina,24,9,Las Quintas|44|Porvenir|Gustavo A. Madero|Ciudad de Mexico|34275,120813,37 de 45,7.36,82.22,83.51,220
Leyre Yañez Carro,24,8,Ampliacion Pacheco|26|Nextengo|Benito Juarez|Ciudad de Mexico|44077,49726,33 de 40,7.35,82.5,83.33,221
Bonifacio Bermejo Rivero,22,4,Hacienda el Mimbre|33|El Arbol|Álvaro Obregon|Ciudad de Mexico|97369,776866,16 de 20,7.6,80.0,82.95,222
Vito Diaz Oliveras,22,4,La Romita|85|San Mateo|Benito Juarez|Ciudad de Mexico|25649,815554,17 de 20,7.15,85.0,82.95,223
Agustina Diaz Oliveras,18,2,Los Doctores|4|Campestre Churubusco|Tlahuac|Ciudad de Mexico|30655,445670,8 de 10,8.1,80.0,77.78,224
Rogelio Pinto Salgado,21,4,Lomas de San Javier|75|Chimalistac|Venustiano Carranza|Ciudad de Mexico|39616,203503,16 de 20,7.8,80.0,80.68,225
Marina Diaz Oliveras,25,8,Jardines del Plaza|71|El Molino|Benito Juarez|Ciudad de Mexico|42330,299800,33 de 40,7.53,82.5,81.03,226
Santos Bermejo Rivero,23,7,Marea del Carmen Cabello|4|Los Alpes|Iztacalco|Ciudad de Mexico|19037,912907,28 de 35,7.77,80.0,80.92,227
Nicolasa Pinto Salgado,18,1,Ing. Eulalio Gutierrez Trevi–o|60|Martires de Tacubaya|La Magdalena en Contreras|Ciudad de Mexico|50488,291555,4 de 5,7.6,80.0,82.61,228
Heraclio Perales Abellan,19,1,Valle de las Torres II|8|Canutillo 2a Seccion|Coyoacan|Ciudad de Mexico|53655,738978,4 de 5,7.2,80.0,86.96,229
Maximo Oliveras Morán,19,1,Santa Monica|21|Olivar del Conde 1a Seccion|Cuahutemoc|Ciudad de Mexico|81246,444908,4 de 5,8.0,80.0,78.26,230
Melania Gutiérrez Alvarado,20,4,Lomas Verdes|47|La Ara–a|Tlalpan|Ciudad de Mexico|83108,266735,17 de 20,7.1,85.0,82.95,231
Isidro Viña Peláez,24,9,Privada Lantana|17|Ponciano Arriaga|Tlahuac|Ciudad de Mexico|32393,45750,37 de 45,7.29,82.22,83.51,232
Fidela Uría Asensio,24,5,Valle Hermoso|84|Piedad Narvarte|Iztacalco|Ciudad de Mexico|68461,662694,21 de 25,7.12,84.0,83.49,233
Tatiana Bas Garmendia,19,2,Los Pinos|9|Ignacio Allende|La Magdalena en Contreras|Ciudad de Mexico|71259,238833,8 de 10,7.8,80.0,80.0,234
Consuelo Méndez Iriarte,24,10,Los Buitres|91|Preconcreto|Milpa Alta|Ciudad de Mexico|41375,279196,41 de 50,7.36,82.0,82.71,235
Adolfo Fuertes Aguado,26,7,Virreyes Obrera|62|Ciudad de los Deportes|Itzapalapa|Ciudad de Mexico|39824,393701,29 de 35,7.23,82.86,82.89,236
Miguel Diaz Oliveras,22,6,Jesœs Garcia Corona|81|Reacomodo Pino Suarez|Coyoacan|Ciudad de Mexico|47078,575037,24 de 30,7.93,80.0,78.2,237
Rosalina Valera Bustos,25,7,Ampliacion Pacheco|57|Nextengo|Coyoacan|Ciudad de Mexico|14183,714391,29 de 35,7.26,82.86,82.24,238
Eladio Ayala Borrell,26,8,La Joya|89|Josefa Ortiz de Dominguez|Azcapotzalco|Ciudad de Mexico|60424,132316,32 de 40,7.47,80.0,82.76,239
Ani Valera Bustos,27,10,Los Manantiales|58|San Pedro|Gustavo A. Madero|Ciudad de Mexico|55162,47995,41 de 50,7.2,82.0,83.64,240
Trinidad Perales Abellan,19,2,Terrazas Residencial|51|San Pablo Chimalpa|Milpa Alta|Ciudad de Mexico|52916,705615,8 de 10,7.5,80.0,82.22,241
Pacifica Sastre Moreno,25,10,Universidad|43|Pedregal de San Francisco|Azcapotzalco|Ciudad de Mexico|89010,629139,41 de 50,7.28,82.0,82.24,242
Gracia Cano Carreras,25,9,Vistas de Pe–a|80|La Cascada|Álvaro Obregon|Ciudad de Mexico|1251,30952,37 de 45,7.31,82.22,81.44,243
Gracia Paniagua Aragón,19,2,Las Haciendas|70|Maria G. de Garcia Ruiz|Gustavo A. Madero|Ciudad de Mexico|60479,512246,8 de 10,7.4,80.0,82.22,244
Consuelo Catala Verdugo,23,5,Repœblica Poniente|40|Los Reyes|Miguel Hidalgo|Ciudad de Mexico|18716,876008,20 de 25,7.52,80.0,80.73,245
Jenny Victoria Campillo Soriano,24,10,Amistad Alianzas|30|Lomas de Nuevo Mexico|Milpa Alta|Ciudad de Mexico|48230,215159,40 de 50,7.64,80.0,79.44,246
Leyre Miralles Reina,22,4,Vicente Guerrero|21|Los Cedros|Gustavo A. Madero|Ciudad de Mexico|63460,157605,16 de 20,7.5,80.0,80.68,247
Maximo Cáceres Gordillo,19,4,Pedregal de los Santos Sur|31|El Ruedo|Tlalpan|Ciudad de Mexico|81938,14117,16 de 20,7.5,80.0,80.68,248
Rosaura Silva Acosta,21,5,Kiosco|64|Villa Coyoacan|Venustiano Carranza|Ciudad de Mexico|50990,59470,20 de 25,7.56,80.0,79.82,249
Gracia Cano Carreras,27,10,Puerta del Sol|2|Arenal|Itzapalapa|Ciudad de Mexico|75225,184153,41 de 50,7.3,82.0,80.37,250
Jennifer Maestre Herrera,22,3,Virreyes Residencial|53|Mixcoac|Milpa Alta|Ciudad de Mexico|95180,690206,12 de 15,7.6,80.0,79.1,251
Isaac Maestre Herrera,21,6,Zamora|37|Libertad|Álvaro Obregon|Ciudad de Mexico|46133,194368,25 de 30,7.1,83.33,81.2,252
Nazario Caparrós Mascaró,24,8,Valle Azteca|57|Canutillo|Gustavo A. Madero|Ciudad de Mexico|51251,76364,32 de 40,7.38,80.0,81.03,253
Rosaura Yañez Carro,19,1,Rincon de Asturias|96|Cooperativa Union Olivos|Tlalpan|Ciudad de Mexico|1669,415282,4 de 5,7.2,80.0,82.61,254
Leyre Alcalá Armas,19,1,Insurgentes|60|Romero de Terreros|Cuajimalpa de Morelos|Ciudad de Mexico|63761,674498,4 de 5,7.6,80.0,78.26,255
Isidro Alcalá Armas,26,7,Los Nogales|18|Altavista|Itzapalapa|Ciudad de Mexico|3289,727792,28 de 35,7.4,80.0,80.26,256
Amanda Maria Bas Garmendia,25,8,Bellavista Mesa de Arizpe|69|Ampliacion Acueducto|Gustavo A. Madero|Ciudad de Mexico|80316,409461,32 de 40,7.43,80.0,79.89,257
Heraclio Barreda Cabeza,21,5,Nuevo Atardecer|38|Villa Progresista|Coyoacan|Ciudad de Mexico|55306,900278,21 de 25,6.84,84.0,82.57,258
Jenny Victoria Arenas Cabo,21,4,La Cieneguita|14|Ampliacion el Yaqui|Benito Juarez|Ciudad de Mexico|7536,141186,16 de 20,7.45,80.0,79.55,259
Lucas Ayala Borrell,26,9,Panteones|17|Miguel Hidalgo|Álvaro Obregon|Ciudad de Mexico|17054,675407,36 de 45,7.44,80.0,79.38,260
Victor Fuertes Aguado,21,6,Lomas de San Javier|86|Chimalistac|Cuajimalpa de Morelos|Ciudad de Mexico|76999,518437,24 de 30,7.27,80.0,81.2,261
Lucas Cano Carreras,20,3,Los Rodriguez|55|Jardin Azpeitia|Iztacalco|Ciudad de Mexico|21208,659384,12 de 15,7.6,80.0,77.61,262
Samuel Cáceres Gordillo,23,7,Villas de la Angostura|1|El Tejocote|Itzapalapa|Ciudad de Mexico|51290,152621,28 de 35,7.23,80.0,81.58,263
Bonifacio Julia Quiros,19,2,Lourdes|51|Carola|Álvaro Obregon|Ciudad de Mexico|80847,321651,8 de 10,7.8,80.0,75.56,264
Iker Eufemia Amo Carbajo,26,8,Cerrada Guadalupe|68|La Angostura|Coyoacan|Ciudad de Mexico|86931,855888,32 de 40,7.28,80.0,80.46,265
Amanda Maria Caña Salgado,24,6,La Angostura|38|La Huerta|Coyoacan|Ciudad de Mexico|19475,703347,24 de 30,7.4,80.0,78.95,266
Amilcar Moles Barón,22,5,La Palmilla|59|Memetla|Cuahutemoc|Ciudad de Mexico|29805,523656,20 de 25,7.4,80.0,78.9,267
Lucas Pinto Salgado,19,2,Privada Ciudad las Torres 2 Sector|83|Tarango|Venustiano Carranza|Ciudad de Mexico|55304,191255,8 de 10,7.5,80.0,77.78,268
Jacobo Perales Abellan,24,6,Portal de los Agaves|52|Arcos Centenario|Cuajimalpa de Morelos|Ciudad de Mexico|84028,877465,24 de 30,7.6,80.0,76.69,269
Rosaura Lara Coello,20,3,La Herradura|87|Amado Nervo|Venustiano Carranza|Ciudad de Mexico|29171,879730,12 de 15,7.8,80.0,74.63,270
Pacifica Moles Barón,24,6,Ejido Padres Santos|22|Santa Lucia Chantepec|Cuahutemoc|Ciudad de Mexico|71104,780246,24 de 30,7.23,80.0,80.45,271
Vito Perera Gomez,27,9,Pueblo Insurgentes|53|San Clemente Sur|La Magdalena en Contreras|Ciudad de Mexico|47502,595978,35 de 45,7.67,77.78,77.84,272
Fidela Perales Abellan,19,1,Paseo de la Estrella|75|Hogar y Redencion|Cuahutemoc|Ciudad de Mexico|29009,615864,4 de 5,7.4,80.0,78.26,273
Vito Segarra Bru,18,2,Santa Cristina|33|Lomas de Memetla|Álvaro Obregon|Ciudad de Mexico|96186,666230,8 de 10,7.2,80.0,80.0,274
Amanda Maria Silva Acosta,18,2,Privada Emilio Rodriguez|81|Plenitud|Tlalpan|Ciudad de Mexico|91770,767331,8 de 10,7.4,80.0,77.78,275
Jose Marcos Peña Revilla,22,6,10 de Mayo|84|Olivar del Conde 2a Seccion|Cuajimalpa de Morelos|Ciudad de Mexico|87758,438960,24 de 30,7.27,80.0,78.95,276
Virginia Julia Quiros,21,6,Bosques de la Aurora|66|El ebano|Miguel Hidalgo|Ciudad de Mexico|2230,182153,24 de 30,7.2,80.0,79.7,277
Victor Sastre Moreno,26,7,Los Balcones|84|Lomas de los Cedros|Tlahuac|Ciudad de Mexico|66658,381979,28 de 35,7.26,80.0,78.95,278
Gracia Bas Garmendia,23,6,El Sauz|48|Pedregal de Carrasco|Itzapalapa|Ciudad de Mexico|4988,176370,24 de 30,7.07,80.0,80.45,279
Fidela Moles Barón,27,9,La Central|29|Las Americas|Itzapalapa|Ciudad de Mexico|58724,561056,36 de 45,7.16,80.0,79.38,280
Trinidad Giralt Font,25,10,Colinas del Sur|68|Galeana|Coyoacan|Ciudad de Mexico|67309,452829,39 de 50,7.48,78.0,77.1,281
Miguel Valera Bustos,19,2,Las Margaritas|89|Ex-Ejido de San Pablo Tepetlapa|Venustiano Carranza|Ciudad de Mexico|41614,125252,8 de 10,7.0,80.0,80.0,282
Gracia Valenzuela Quero,21,5,Brisas Poniente|54|Napoles|Coyoacan|Ciudad de Mexico|53561,167494,19 de 25,7.36,76.0,79.82,283
Ani Yañez Carro,24,8,Villas Castellana|75|Palmas Axotitla|Tlalpan|Ciudad de Mexico|1102,662521,32 de 40,7.03,80.0,79.31,284
Isidro Campillo Soriano,26,10,Pe–a Alta|51|Miguel Aleman|Venustiano Carranza|Ciudad de Mexico|66474,670184,39 de 50,7.32,78.0,77.57,285
Gracia Sanchez Checa,24,8,Valle de San Antonio|56|Rancho San Francisco Pueblo San Bartolo Ameyalco|Gustavo A. Madero|Ciudad de Mexico|35096,756883,31 de 40,7.4,77.5,77.01,286
Agustina Maestre Herrera,24,8,Las Misiones|21|Moderna|Milpa Alta|Ciudad de Mexico|97313,524257,31 de 40,7.4,77.5,77.01,287
Anacleto Catala Verdugo,20,4,Albatros Residencial|94|Narvarte Oriente|Tlahuac|Ciudad de Mexico|83836,93800,16 de 20,6.65,80.0,82.95,288
Virginia Diaz Oliveras,27,9,Roma|62|El Encino del Pueblo Tetelpan|Itzapalapa|Ciudad de Mexico|73576,995135,35 de 45,7.31,77.78,77.32,289
Pacifica Viña Peláez,20,1,Villas de San Gabriel|83|Prado Churubusco|Itzapalapa|Ciudad de Mexico|59863,288051,4 de 5,7.0,80.0,78.26,290
Vito Mercader Cepeda,26,9,La Libertad|44|Cooperativa Palo Alto|Cuajimalpa de Morelos|Ciudad de Mexico|69500,122770,35 de 45,7.33,77.78,76.8,291
Esmeralda Méndez Iriarte,22,6,La Rosa|27|Ex-Ejido de Santa Ursula Coapa|Álvaro Obregon|Ciudad de Mexico|2608,25527,23 de 30,7.6,76.67,74.44,292
Jose Marcos Clavero Marquez,25,10,Real de Pe–a|56|Ajusco|Gustavo A. Madero|Ciudad de Mexico|32365,755833,37 de 50,7.84,74.0,74.3,293
Virginia Catala Verdugo,21,5,Pueblo Insurgentes|13|San Clemente Sur|Iztacalco|Ciudad de Mexico|52874,203723,19 de 25,7.32,76.0,77.06,294
Victor Cano Carreras,19,2,Villas de La Aurora|35|Culhuacan CTM Seccion VIII|Venustiano Carranza|Ciudad de Mexico|96147,584398,8 de 10,6.5,80.0,82.22,295
Sofia Caparrós Mascaró,25,7,Hacienda San Rafael|44|Piru Santa Lucia|Miguel Hidalgo|Ciudad de Mexico|97311,695764,27 de 35,7.26,77.14,76.32,296
Nicolasa Paniagua Aragón,24,6,Parajes de Santa Elena|18|1a Seccion Ca–ada|Cuahutemoc|Ciudad de Mexico|80895,204984,23 de 30,7.17,76.67,77.44,297
Isaac Peña Revilla,27,10,CIQA|49|San Francisco Culhuacan Barrio de Santa Ana|Venustiano Carranza|Ciudad de Mexico|81622,923102,38 de 50,7.28,76.0,76.64,298
Isidro Peña Revilla,23,6,Nazario S Ortiz Garza|25|Estado de Hidalgo|Cuahutemoc|Ciudad de Mexico|24634,795095,23 de 30,7.2,76.67,76.69,299
Marita Anna Arenas Cabo,23,5,Portareal|18|Viejo Ejido de Santa Ursula Coapa|Azcapotzalco|Ciudad de Mexico|76304,623662,19 de 25,7.48,76.0,74.31,300
Santos Sastre Moreno,24,9,San Alberto|53|Industrial San Antonio|Milpa Alta|Ciudad de Mexico|65149,491346,34 de 45,7.42,75.56,75.26,301
Jacobo Moles Barón,25,8,Privadas la Estrella|93|Alfonso XIII|Benito Juarez|Ciudad de Mexico|95668,391795,31 de 40,7.13,77.5,75.86,302
Jacobo Silva Acosta,22,4,Jardines del Plaza|89|El Molino|Álvaro Obregon|Ciudad de Mexico|21861,561628,15 de 20,7.0,75.0,79.55,303
Elisabet Oliveras Morán,21,4,Cerrada San Lorenzo|8|Real del Monte|Itzapalapa|Ciudad de Mexico|39493,965317,15 de 20,7.2,75.0,77.27,304
Ines Barreda Cabeza,23,8,El Alamo|49|Bejero del Pueblo Santa Fe|La Magdalena en Contreras|Ciudad de Mexico|96285,417302,30 de 40,7.2,75.0,77.01,305
Rogelio Perera Gomez,27,10,Campestre Capellanea|37|Del Valle Sur|Iztacalco|Ciudad de Mexico|4544,575113,38 de 50,7.12,76.0,76.64,306
Heraclio Perera Gomez,23,6,Rinconada de la Hibernia|66|Pedregal de Santa Ursula|Cuajimalpa de Morelos|Ciudad de Mexico|11855,956852,22 de 30,7.5,73.33,75.19,307
Jenny Victoria Yañez Carro,25,8,Los Cedros Residencial|5|Atenor Salas|Tlalpan|Ciudad de Mexico|43955,342721,30 de 40,7.43,75.0,74.14,308
Agustina Fuertes Aguado,26,7,Villa Fontana|39|Bosques de las Lomas|Venustiano Carranza|Ciudad de Mexico|40270,875573,27 de 35,7.11,77.14,75.0,309
Rosaura Bas Garmendia,22,3,El Suspiro|22|Patrimonio Familiar|Cuahutemoc|Ciudad de Mexico|12666,428905,11 de 15,7.2,73.33,77.61,310
Samuel Lara Coello,26,10,La Cantera Residencial|32|Santa Apolonia|Cuahutemoc|Ciudad de Mexico|46474,279029,37 de 50,7.44,74.0,74.3,311
Ines Robles Roca,26,8,La Florencia|39|Canutillo 3a Seccion|Azcapotzalco|Ciudad de Mexico|97641,401670,30 de 40,7.18,75.0,75.29,312
Esmeralda Valenzuela Quero,25,10,Valle de las Torres|13|Ampliacion Tepeaca|Tlahuac|Ciudad de Mexico|95040,716807,37 de 50,7.28,74.0,75.23,313
Abel Adan Méndez Iriarte,20,4,Valle de San Lorenzo|65|Tecolalco|Tlalpan|Ciudad de Mexico|3787,406183,15 de 20,7.2,75.0,75.0,314
Trinidad Moles Barón,23,6,Hacienda San Rafael|40|Piru Santa Lucia|Milpa Alta|Ciudad de Mexico|98202,265185,22 de 30,7.3,73.33,74.44,315
Isaac Silva Acosta,25,7,Gonzalez Norte|77|Las Aguilas 3er Parque|Cuahutemoc|Ciudad de Mexico|84355,348262,26 de 35,7.29,74.29,73.03,316
Consuelo Catala Verdugo,18,2,Chamizal|63|Santa Ines|Cuajimalpa de Morelos|Ciudad de Mexico|51036,320717,7 de 10,7.4,70.0,75.56,317
Ani Lopez Ortiz,21,3,Lomas de Pe–a|56|Santa Cruz Atoyac|Tlalpan|Ciudad de Mexico|13860,878547,11 de 15,7.13,73.33,74.63,318
Jennifer Fuertes Aguado,26,9,Acueducto|91|Hidalgo|Gustavo A. Madero|Ciudad de Mexico|81968,135561,33 de 45,7.18,73.33,73.71,319
Elisabet Viña Peláez,20,3,Valle las Palmas|5|Del Lago|Cuajimalpa de Morelos|Ciudad de Mexico|55773,383216,11 de 15,7.2,73.33,73.13,320
Isidro Clavero Marquez,26,8,Francisco I Madero|64|Polvora|Cuajimalpa de Morelos|Ciudad de Mexico|24454,1342,29 de 40,7.35,72.5,72.41,321
Jacobo Celso Valbuena Araujo,25,10,Valle de las Flores Popular|26|Lomas del Capulin|La Magdalena en Contreras|Ciudad de Mexico|7909,289560,36 de 50,7.44,72.0,71.96,322
Samuel Fuertes Aguado,27,10,Bosques de la Aurora|6|El ebano|Tlalpan|Ciudad de Mexico|73017,38508,37 de 50,7.1,74.0,73.36,323
Marita Anna Aranda Roura,25,10,Los Pinos|68|Ignacio Allende|Coyoacan|Ciudad de Mexico|96475,928705,37 de 50,7.1,74.0,73.36,324
Adolfo Lopez Ortiz,26,8,Villa Colonial|74|Granjas Navidad|Venustiano Carranza|Ciudad de Mexico|52368,135190,29 de 40,7.4,72.5,71.84,325
Miguel Coca Ballesteros,19,3,Jacarandas Jardin|12|Ampliacion San Pedro Xalpa|Milpa Alta|Ciudad de Mexico|66814,320553,11 de 15,7.33,73.33,71.64,326
Jacobo Clavero Marquez,21,3,Los Nogales|57|Altavista|Venustiano Carranza|Ciudad de Mexico|93446,849125,11 de 15,7.33,73.33,71.64,327
Esmeralda Celso Valbuena Araujo,20,2,Villa Colonial|35|Granjas Navidad|La Magdalena en Contreras|Ciudad de Mexico|17615,168779,7 de 10,7.5,70.0,73.33,328
Ines Bas Garmendia,22,6,Villas de San Sebastian|2|Alianza Popular Revolucionaria|Cuajimalpa de Morelos|Ciudad de Mexico|21213,922940,22 de 30,7.27,73.33,72.18,329
Nazario Pinto Salgado,25,8,Los Fresnos|89|San Rafael|Tlalpan|Ciudad de Mexico|14730,91503,30 de 40,7.0,75.0,72.41,330
Abel Adan Segarra Bru,21,3,El Morillo|91|Petrolera|Venustiano Carranza|Ciudad de Mexico|61013,475071,11 de 15,6.87,73.33,74.63,331
Rogelio Moles Barón,20,3,Guayulera|69|Pasteros|Tlalpan|Ciudad de Mexico|37188,774696,11 de 15,6.87,73.33,74.63,332
Ani Ríos Leon,20,3,Bosques de las Lomas Residencial|61|Alfalfar|Gustavo A. Madero|Ciudad de Mexico|89802,951021,11 de 15,6.87,73.33,74.63,333
Samuel Catala Verdugo,25,7,Valle Dorado|28|Santa Fe Pe–a Blanca|Coyoacan|Ciudad de Mexico|19580,807575,25 de 35,7.14,71.43,73.68,334
Jose Marcos Mercader Cepeda,18,2,Privadas Luxemburgo|48|San Lucas|Cuahutemoc|Ciudad de Mexico|37263,873912,7 de 10,7.5,70.0,71.11,335
Jenny Victoria Peña Revilla,20,4,Villas de San Carlos|53|Churubusco Country Club|Azcapotzalco|Ciudad de Mexico|14647,841101,15 de 20,7.05,75.0,70.45,336
Jose Marcos Caparrós Mascaró,18,2,Privadas Luxemburgo|33|San Lucas|Tlahuac|Ciudad de Mexico|83901,112102,7 de 10,7.7,70.0,68.89,337
Victor Fuertes Aguado,24,8,Rosales de La Aurora|66|Ampliacion Memetla|Tlahuac|Ciudad de Mexico|51958,46226,28 de 40,7.32,70.0,72.41,338
Sofia Catala Verdugo,23,6,Magisterio Seccion 38|63|Adolfo Ruiz Cortines|Iztacalco|Ciudad de Mexico|57119,894155,22 de 30,6.93,73.33,72.93,339
Abel Adan Campillo Soriano,24,10,Los Balcones|51|Lomas de los Cedros|Gustavo A. Madero|Ciudad de Mexico|3351,409631,37 de 50,6.78,74.0,73.83,340
Ines Cano Carreras,25,9,Ankara Residencial|69|Los Juristas|Coyoacan|Ciudad de Mexico|70448,556177,32 de 45,7.07,71.11,73.2,341
Santos Eufemia Amo Carbajo,22,5,Quinta Valle|8|Cristo Rey|Álvaro Obregon|Ciudad de Mexico|97210,471916,18 de 25,6.96,72.0,73.39,342
Bárbara Diaz Oliveras,24,7,Hacienda Real|37|Ladera|Coyoacan|Ciudad de Mexico|2520,2519,25 de 35,7.31,71.43,70.39,343
Samuel Perera Gomez,23,5,23 de Noviembre|97|Jalalpa Tepito 2a Ampliacion|Azcapotzalco|Ciudad de Mexico|49593,637017,18 de 25,7.4,72.0,68.81,344
Elisabet Aranda Roura,27,9,Nuevo Mexico|71|Cehuaya|Álvaro Obregon|Ciudad de Mexico|39089,141536,33 de 45,7.02,73.33,71.13,345
Consuelo Catala Verdugo,18,2,Lourdes|0|Carola|Benito Juarez|Ciudad de Mexico|57790,795594,7 de 10,6.9,70.0,75.56,346
Amanda Maria Gutiérrez Alvarado,19,2,Zamora|50|Libertad|Gustavo A. Madero|Ciudad de Mexico|20998,840979,7 de 10,7.1,70.0,73.33,347
Bernardino Gutiérrez Alvarado,24,10,Valle de las Flores INFONAVIT|1|Culhuacan CTM Seccion X-A|Azcapotzalco|Ciudad de Mexico|26282,523005,36 de 50,6.78,72.0,73.83,348
Esmeralda Peña Revilla,23,5,La Florencia|5|Canutillo 3a Seccion|Azcapotzalco|Ciudad de Mexico|94352,696134,18 de 25,7.24,72.0,68.81,349
Agustina Clavero Marquez,19,4,Andalucia|57|Lomas de Puerta Grande|Venustiano Carranza|Ciudad de Mexico|28515,475175,14 de 20,7.15,70.0,71.59,350
Jonatan Aranda Roura,24,6,Bugambilias|53|Jardines de Coyoacan|Cuahutemoc|Ciudad de Mexico|6903,201398,21 de 30,7.23,70.0,69.92,351
Ester Arenas Cabo,24,7,Lomas Verdes|52|La Ara–a|Iztacalco|Ciudad de Mexico|95861,199380,25 de 35,7.17,71.43,69.08,352
Lucas Sastre Moreno,24,8,Privada Obregon Sur|70|8 de Agosto|Itzapalapa|Ciudad de Mexico|3333,525738,28 de 40,7.45,70.0,67.82,353
Rosalina Maestre Herrera,22,4,Paraiso|73|Las Aguilas 1a Seccion|Tlahuac|Ciudad de Mexico|8152,190816,14 de 20,7.05,70.0,71.59,354
Trinidad Valenzuela Quero,24,5,La Angostura|47|La Huerta|Benito Juarez|Ciudad de Mexico|77144,322974,18 de 25,7.12,72.0,68.81,355
Fidela Gutiérrez Alvarado,19,4,Los Valdez|89|Tlacoquemecatl|Benito Juarez|Ciudad de Mexico|47054,145134,14 de 20,7.1,70.0,70.45,356
Bernardino Valenzuela Quero,25,10,La Poza|32|Postal|Azcapotzalco|Ciudad de Mexico|46608,748799,35 de 50,7.12,70.0,70.09,357
Heraclio Celso Valbuena Araujo,18,2,Cerro del Pueblo|92|San Jose del Olivar|Tlahuac|Ciudad de Mexico|56447,988523,7 de 10,7.0,70.0,71.11,358
Isidro Uría Asensio,20,2,Jardines de los Bosques|43|Contadero|La Magdalena en Contreras|Ciudad de Mexico|82898,371672,7 de 10,7.2,70.0,68.89,359
Victor Peña Revilla,19,2,La Hibernia|40|Cafetales|Itzapalapa|Ciudad de Mexico|6163,852771,7 de 10,7.2,70.0,68.89,360
Leyre Caña Salgado,25,8,Ampliacion Girasol|79|Arvide|Milpa Alta|Ciudad de Mexico|3061,330802,28 de 40,7.3,70.0,67.82,361
Ines Arenas Cabo,24,6,Los Chabacanos|74|Campestre Coyoacan|Gustavo A. Madero|Ciudad de Mexico|81925,305390,21 de 30,7.07,70.0,69.92,362
Bernardino Sastre Moreno,20,2,Colinas de San Lorenzo|73|Liberacion Proletaria|Milpa Alta|Ciudad de Mexico|56098,709695,7 de 10,7.4,70.0,66.67,363
Samuel Castilla Vergara,21,5,69 Batallon de Infanterea|49|La Mexicana 2a Ampliacion|Azcapotzalco|Ciudad de Mexico|41082,24595,17 de 25,7.28,68.0,69.72,364
Isaac Celso Valbuena Araujo,24,8,Habita II|66|Nueva Santa Maria|Milpa Alta|Ciudad de Mexico|48238,736895,28 de 40,7.03,70.0,70.11,365
Pacifica Oliveras Morán,26,7,Portal de Aragon|73|Culhuacan CTM Seccion Piloto|Tlahuac|Ciudad de Mexico|43635,981166,25 de 35,6.91,71.43,69.74,366
Ani Cáceres Gordillo,20,2,Real Villas de La Aurora|21|Locaxco|Miguel Hidalgo|Ciudad de Mexico|17514,864686,7 de 10,7.1,70.0,68.89,367
Isaac Sanchez Cortina,20,2,Ampliacion Girasol|43|Arvide|Azcapotzalco|Ciudad de Mexico|77150,406607,7 de 10,7.2,70.0,66.67,368
Samuel Paniagua Aragón,27,9,La Estrella|87|Ampliacion La Cebada|Tlahuac|Ciudad de Mexico|60852,210482,31 de 45,7.0,68.89,69.59,369
Rosalina Uría Asensio,26,8,Ex Hacienda los Cerritos|36|Prados de Coyoacan|Coyoacan|Ciudad de Mexico|26312,977719,27 de 40,7.22,67.5,68.39,370
Leyre Lara Coello,22,5,Lomas de Guadalupe|78|Abraham M. Gonzalez|Venustiano Carranza|Ciudad de Mexico|74440,762265,17 de 25,6.84,68.0,71.56,371
Trinidad Lopez Ortiz,24,6,Villas de San Isidro|10|Hermosillo|Álvaro Obregon|Ciudad de Mexico|76372,109770,20 de 30,7.33,66.67,67.67,372
Fidela Caña Salgado,19,3,Lomas del Refugio|4|Ampliacion La Mexicana|Milpa Alta|Ciudad de Mexico|42732,139852,10 de 15,7.33,66.67,67.16,373
Maximo Eufemia Amo Carbajo,26,9,Vistas de Pe–a|58|La Cascada|Itzapalapa|Ciudad de Mexico|44296,744457,31 de 45,6.89,68.89,69.07,374
Maximo Perales Abellan,24,8,Jardines del Lago|97|Huayamilpas|Iztacalco|Ciudad de Mexico|79583,76270,27 de 40,7.15,67.5,67.82,375
Marita Anna Paniagua Aragón,21,3,Valle Dorado|89|Santa Fe Pe–a Blanca|Cuahutemoc|Ciudad de Mexico|4505,571870,10 de 15,7.27,66.67,67.16,376
Isidro Cano Carreras,27,9,San Jose de los Cerritos|4|Cantil del Pedregal|Milpa Alta|Ciudad de Mexico|18756,577896,31 de 45,6.71,68.89,70.1,377
Ester Cáceres Gordillo,18,2,26 de Marzo|83|Lomas de Santa Fe|Venustiano Carranza|Ciudad de Mexico|60571,904809,7 de 10,6.7,70.0,68.89,378
Consuelo Sastre Moreno,24,10,Altaria Residencial|72|Ampliacion Las Aguilas|La Magdalena en Contreras|Ciudad de Mexico|48848,679944,34 de 50,7.06,68.0,66.82,379
Bárbara Ayala Borrell,21,5,Valle San Agustin|41|San Simon Ticumac|Tlahuac|Ciudad de Mexico|27776,871039,17 de 25,7.04,68.0,66.97,380
Maximo Alcolea Soriano,20,3,Villas del Ranchito|75|San Miguel Amantla|Cuajimalpa de Morelos|Ciudad de Mexico|20910,17180,10 de 15,7.0,66.67,68.66,381
Isaac Castilla Vergara,24,9,Los Valdez|44|Tlacoquemecatl|La Magdalena en Contreras|Ciudad de Mexico|16256,688932,30 de 45,7.07,66.67,67.53,382
Virginia Alcalá Armas,23,7,Residencial los Reales|24|San Francisco Culhuacan Barrio de La Magdalena|Milpa Alta|Ciudad de Mexico|15370,583936,24 de 35,6.97,68.57,66.45,383
Leyre Arenas Cabo,26,7,Ejido Padres Santos|67|Santa Lucia Chantepec|Itzapalapa|Ciudad de Mexico|59429,510702,23 de 35,7.2,65.71,67.11,384
Leyre Sastre Moreno,26,9,Las Caba–as|45|Cosmopolita|Cuahutemoc|Ciudad de Mexico|42398,714617,30 de 45,7.27,66.67,65.46,385
Rosalina Barreda Cabeza,19,3,Las Huertas|93|Estacion Pantaco|Milpa Alta|Ciudad de Mexico|83527,488513,10 de 15,6.93,66.67,68.66,386
Eladio Castilla Vergara,22,5,Chapultepec|60|Axotla|Itzapalapa|Ciudad de Mexico|83261,957254,17 de 25,6.68,68.0,69.72,387
Agustina Alcalá Armas,22,5,ISSSTE|60|La Candelaria|Gustavo A. Madero|Ciudad de Mexico|90830,327131,17 de 25,7.12,68.0,65.14,388
Abel Adan Moles Barón,24,6,Los Gonzalez|29|Santiago Ahuizotla|Coyoacan|Ciudad de Mexico|10143,841725,20 de 30,7.1,66.67,66.17,389
Miguel Méndez Iriarte,19,3,Patria Libre|48|Bellavista|Tlalpan|Ciudad de Mexico|29365,556933,10 de 15,7.13,66.67,65.67,390
Ani Arenas Cabo,19,3,Bellavista Mesa de Arizpe|44|Ampliacion Acueducto|Cuahutemoc|Ciudad de Mexico|97888,255726,10 de 15,7.13,66.67,65.67,391
Ani Sastre Moreno,20,4,Buenos Aires|32|Bonanza|Benito Juarez|Ciudad de Mexico|54623,9234,14 de 20,6.75,70.0,65.91,392
Melania Diaz Oliveras,21,3,Lomas de Lourdes|32|Santa Fe|Cuahutemoc|Ciudad de Mexico|56987,986991,10 de 15,6.8,66.67,68.66,393
Ani Julia Quiros,26,10,Marea del Carmen Cabello|25|Los Alpes|Azcapotzalco|Ciudad de Mexico|37676,940646,34 de 50,6.74,68.0,67.76,394
Samuel Mercader Cepeda,24,8,Las Misiones|68|Moderna|La Magdalena en Contreras|Ciudad de Mexico|83234,784774,27 de 40,6.9,67.5,66.67,395
Jennifer Caparrós Mascaró,25,9,Patria Nueva|59|Prados del Rosario|Coyoacan|Ciudad de Mexico|45628,943741,30 de 45,7.02,66.67,65.98,396
Miguel Paniagua Aragón,20,2,Federico Berrueto Ramon|34|Garcimarrero|Benito Juarez|Ciudad de Mexico|21689,924749,7 de 10,6.4,70.0,68.89,397
Miguel Méndez Iriarte,19,2,Rincon de los Encinos|74|General Pedro Maria Anaya|Benito Juarez|Ciudad de Mexico|22689,135671,7 de 10,6.6,70.0,66.67,398
Fidela Maestre Herrera,25,10,Lomas de Pe–a|10|Santa Cruz Atoyac|Milpa Alta|Ciudad de Mexico|13922,383156,34 de 50,6.7,68.0,67.29,399
Amanda Maria Caña Salgado,21,6,Guanajuato Oriente|46|El Centinela|Miguel Hidalgo|Ciudad de Mexico|1044,581693,20 de 30,6.87,66.67,66.92,400
Jacobo Bermejo Rivero,19,1,Los Valdez|39|Tlacoquemecatl|Cuahutemoc|Ciudad de Mexico|65867,632032,3 de 5,7.8,60.0,65.22,401
Anacleto Pinto Salgado,24,10,Acueducto|94|Hidalgo|La Magdalena en Contreras|Ciudad de Mexico|3944,408563,33 de 50,6.92,66.0,66.82,402
Isaac Eufemia Amo Carbajo,24,5,Rosa Marea Gutierrez|21|Campestre|Tlalpan|Ciudad de Mexico|21940,943590,17 de 25,6.6,68.0,67.89,403
Rosalina Robles Roca,24,5,Bordo Ferrocarril|19|Santa Maria Malinalco|Benito Juarez|Ciudad de Mexico|37526,976240,17 de 25,6.68,68.0,66.97,404
Pacifica Yañez Carro,25,8,Federico Berrueto Ramon|55|Garcimarrero|Álvaro Obregon|Ciudad de Mexico|21981,116073,27 de 40,6.7,67.5,67.24,405
Esmeralda Yañez Carro,23,8,Las Margaritas|51|Ex-Ejido de San Pablo Tepetlapa|Tlalpan|Ciudad de Mexico|22977,35238,26 de 40,7.13,65.0,65.52,406
Rogelio Moles Barón,19,2,Los Algodones|51|San Francisco Xocotitla|Itzapalapa|Ciudad de Mexico|50770,956706,7 de 10,6.5,70.0,66.67,407
Heraclio Arenas Cabo,19,3,Cima de Virreyes Residencial|81|Credito Constructor|Miguel Hidalgo|Ciudad de Mexico|67532,776593,10 de 15,6.6,66.67,68.66,408
Jennifer Méndez Iriarte,18,1,Los Rosarios Popular|22|Tezozomoc|Itzapalapa|Ciudad de Mexico|34106,2242,3 de 5,7.2,60.0,69.57,409
Pacifica Perales Abellan,21,5,Providencia|46|Industrial Vallejo|Coyoacan|Ciudad de Mexico|66869,532485,16 de 25,7.2,64.0,65.14,410
Jose Marcos Uría Asensio,21,6,Brisas Poniente|18|Napoles|Álvaro Obregon|Ciudad de Mexico|78016,253411,20 de 30,6.93,66.67,64.66,411
Isidro Sanchez Checa,23,7,San Jose Oriente|6|Abdias Garcia Soto|Tlalpan|Ciudad de Mexico|2735,312452,23 de 35,6.97,65.71,65.13,412
Melania Segarra Bru,22,4,Australia|76|Ampliacion Piloto Adolfo Lopez Mateos|Azcapotzalco|Ciudad de Mexico|64338,498980,13 de 20,6.95,65.0,65.91,413
Maximo Fuertes Aguado,26,8,Los Pinos|60|Unidad Cuitlahuac|Miguel Hidalgo|Ciudad de Mexico|62108,742708,26 de 40,6.93,65.0,66.09,414
Esmeralda Caña Salgado,27,10,Avecola|45|Jardines del Pedregal de San Angel|Iztacalco|Ciudad de Mexico|44224,184736,33 de 50,6.84,66.0,65.42,415
Tatiana Cáceres Gordillo,22,5,Emiliano Zapata|33|El Molinito|Itzapalapa|Ciudad de Mexico|24756,996539,16 de 25,7.08,64.0,65.14,416
Amanda Maria Uría Asensio,22,4,Privada Ciudad las Torres 2 Sector|80|Tarango|Tlahuac|Ciudad de Mexico|8180,376979,13 de 20,6.9,65.0,64.77,417
Agustina Perales Abellan,27,9,La Rosa|13|Ex-Ejido de Santa Ursula Coapa|Cuahutemoc|Ciudad de Mexico|93803,969903,29 de 45,7.02,64.44,63.92,418
Rogelio Bas Garmendia,22,5,15 de Abril|8|Molino de Santo Domingo|Cuajimalpa de Morelos|Ciudad de Mexico|36482,57708,16 de 25,7.32,64.0,61.47,419
Maximo Lopez Ortiz,22,6,Los Doctores|17|Campestre Churubusco|Venustiano Carranza|Ciudad de Mexico|24035,138668,19 de 30,7.07,63.33,63.91,420
Bonifacio Sanchez Checa,26,10,El Alamo|55|Presidentes|Itzapalapa|Ciudad de Mexico|35834,738595,32 de 50,6.82,64.0,65.42,421
Leyre Miralles Reina,24,5,Rincon de Alcantara|83|Portales Sur|Milpa Alta|Ciudad de Mexico|38937,433777,16 de 25,7.04,64.0,63.3,422
Ani Pinto Salgado,25,9,Omega|54|El Politoco|Gustavo A. Madero|Ciudad de Mexico|90445,452044,29 de 45,7.02,64.44,62.89,423
Santos Barreda Cabeza,27,10,Cruz del Aire|81|Culhuacan CTM Seccion IX-A|Itzapalapa|Ciudad de Mexico|87702,702491,33 de 50,6.68,66.0,64.49,424
Ani Giralt Font,25,10,Hacienda de Pe–a|7|Albert|Cuajimalpa de Morelos|Ciudad de Mexico|40021,371712,32 de 50,6.88,64.0,64.02,425
Leyre Diaz Oliveras,24,5,Los Berros|14|San Juan Tlihuaca|Gustavo A. Madero|Ciudad de Mexico|804,15408,16 de 25,6.72,64.0,65.14,426
Consuelo Clavero Marquez,25,8,Residencial El Tapanco|5|Emiliano Zapata|Milpa Alta|Ciudad de Mexico|66792,352846,25 de 40,6.8,62.5,65.52,427
Virginia Fuertes Aguado,25,7,Loma Dorada|68|San Agustin del Pueblo Tetelpan|Cuahutemoc|Ciudad de Mexico|21440,794251,22 de 35,7.0,62.86,63.16,428
Isaac Aranda Roura,26,9,Bosques de las Lomas Residencial|44|Alfalfar|Benito Juarez|Ciudad de Mexico|82783,545935,28 de 45,7.16,62.22,62.37,429
Santos Maestre Herrera,27,10,Residencial los Encinos|87|San Juan|Itzapalapa|Ciudad de Mexico|85878,367343,32 de 50,6.86,64.0,63.08,430
Esmeralda Yañez Carro,25,8,Villas de San Lorenzo|74|Jalalpa El Grande|Tlahuac|Ciudad de Mexico|73203,340510,25 de 40,6.93,62.5,63.79,431
Ines Lopez Ortiz,25,9,Ampliacion Girasol|56|Arvide|Miguel Hidalgo|Ciudad de Mexico|60138,192869,28 de 45,7.11,62.22,62.37,432
Nazario Aranda Roura,23,6,Ampliacion Pacheco|6|Nextengo|Cuahutemoc|Ciudad de Mexico|81600,983119,19 de 30,6.73,63.33,64.66,433
Sofia Segarra Bru,22,5,Rincon de La Florida|0|San Antonio|Azcapotzalco|Ciudad de Mexico|59475,879510,16 de 25,6.88,64.0,62.39,434
Marina Méndez Iriarte,26,7,Quinta Valle|46|Cristo Rey|La Magdalena en Contreras|Ciudad de Mexico|8672,707484,22 de 35,6.91,62.86,63.16,435
Maxi Aranda Roura,27,10,San Luis|36|Del Carmen|Coyoacan|Ciudad de Mexico|92900,564020,31 de 50,7.06,62.0,62.62,436
Amilcar Sastre Moreno,23,7,Lomas de Guadalupe|84|Abraham M. Gonzalez|Gustavo A. Madero|Ciudad de Mexico|73598,241354,23 de 35,6.89,65.71,60.53,437
Marita Anna Silva Acosta,21,6,Marea del Carmen Cabello|48|Los Alpes|Azcapotzalco|Ciudad de Mexico|97701,229808,19 de 30,6.63,63.33,63.91,438
Samuel Bas Garmendia,27,9,La Libertad el Puente|64|Zentlapatl|Milpa Alta|Ciudad de Mexico|62324,32290,28 de 45,6.91,62.22,62.37,439
Trinidad Campillo Soriano,26,7,Federico Berrueto Ramon Popular|83|Santa Lucia Chantepec|Milpa Alta|Ciudad de Mexico|26426,269101,22 de 35,6.89,62.86,61.84,440
Sofia Celso Valbuena Araujo,20,1,Valle Dorado|57|Santa Fe Pe–a Blanca|Iztacalco|Ciudad de Mexico|43051,125069,3 de 5,6.4,60.0,69.57,441
Isaac Moles Barón,18,1,El Sauz|68|Pedregal de Carrasco|Coyoacan|Ciudad de Mexico|94490,404534,3 de 5,6.4,60.0,69.57,442
Fidela Moles Barón,24,8,Quinta Esmeralda|9|Tolteca|Cuajimalpa de Morelos|Ciudad de Mexico|1877,116646,25 de 40,6.63,62.5,64.37,443
Gracia Mercader Cepeda,26,10,La Trinidad|33|Granjas Palo Alto|Miguel Hidalgo|Ciudad de Mexico|66559,77297,31 de 50,6.82,62.0,63.08,444
Jenny Victoria Alcalá Armas,18,1,Plaza Armillita|81|Tepetongo|Tlahuac|Ciudad de Mexico|78649,889953,3 de 5,6.8,60.0,65.22,445
Tatiana Maestre Herrera,20,2,San Miguel|26|Reynosa Tamaulipas|Coyoacan|Ciudad de Mexico|89037,14547,6 de 10,7.1,60.0,62.22,446
Iker Castilla Vergara,27,9,Bugambilias|37|Jardines de Coyoacan|Álvaro Obregon|Ciudad de Mexico|64413,748052,28 de 45,6.87,62.22,61.86,447
Iker Ayala Borrell,19,2,America|84|Presidentes Ejidales 1a Seccion|Iztacalco|Ciudad de Mexico|15673,846826,6 de 10,7.3,60.0,60.0,448
Agustina Campillo Soriano,24,5,Bosques de las Lomas Residencial|66|Alfalfar|Coyoacan|Ciudad de Mexico|9366,593370,15 de 25,7.2,60.0,60.55,449
Bonifacio Cáceres Gordillo,24,9,La Rioja Terran|83|Coltongo Pararaco|Tlahuac|Ciudad de Mexico|44602,168833,27 de 45,6.89,60.0,62.89,450
Eladio Caparrós Mascaró,20,3,Real Hibernia|75|Universidad Nacional Autonoma de Mexico|Gustavo A. Madero|Ciudad de Mexico|80262,310918,9 de 15,7.07,60.0,61.19,451
Jonatan Méndez Iriarte,22,5,La Rioja Terran|38|Coltongo Pararaco|Benito Juarez|Ciudad de Mexico|21700,375245,15 de 25,7.24,60.0,59.63,452
Isaac Celso Valbuena Araujo,23,5,San Jose Oriente|3|Abdias Garcia Soto|La Magdalena en Contreras|Ciudad de Mexico|58854,601017,15 de 25,6.96,60.0,61.47,453
Isidro Perales Abellan,25,10,Obrera|14|Lomas Axomiatla|Tlalpan|Ciudad de Mexico|65740,704323,31 de 50,6.6,62.0,62.62,454
Maximo Ríos Leon,24,6,Unidad Modelo|33|El Rosario|Coyoacan|Ciudad de Mexico|14374,511351,18 de 30,7.0,60.0,60.9,455
Adolfo Cano Carreras,26,8,Adolfo Lopez Mateos|81|Las Aguilas|Tlalpan|Ciudad de Mexico|53777,320420,24 de 40,6.93,60.0,61.49,456
Ines Segarra Bru,27,10,El Alamo II|85|Carlos A. Madrazo|Azcapotzalco|Ciudad de Mexico|5050,547847,31 de 50,6.84,62.0,59.81,457
Samuel Lara Coello,24,8,Omega|58|El Politoco|Benito Juarez|Ciudad de Mexico|24278,693047,24 de 40,6.78,60.0,62.07,458
Miguel Coca Ballesteros,18,2,Nueva Espa–a|54|Ermita|Tlalpan|Ciudad de Mexico|72576,118417,6 de 10,7.0,60.0,60.0,459
Bárbara Clavero Marquez,27,10,Alameda|84|Del Maestro|Gustavo A. Madero|Ciudad de Mexico|96875,598893,30 de 50,6.74,60.0,62.15,460
Ester Sanchez Checa,21,4,Jardines de los Bosques|69|Contadero|Iztacalco|Ciudad de Mexico|28726,302143,12 de 20,6.7,60.0,62.5,461
Jose Marcos Silva Acosta,18,2,Portal de Asturias|42|Acuilotla|La Magdalena en Contreras|Ciudad de Mexico|41351,509329,6 de 10,7.2,60.0,57.78,462
Vito Segarra Bru,19,4,Campestre Capellanea|20|Del Valle Sur|Venustiano Carranza|Ciudad de Mexico|34423,158401,12 de 20,6.9,60.0,60.23,463
Lucas Caña Salgado,20,4,26 de Marzo|51|Lomas de Santa Fe|Gustavo A. Madero|Ciudad de Mexico|99676,548729,12 de 20,6.9,60.0,60.23,464
Maxi Julia Quiros,21,4,Las Praderas|46|Los Cipreses|La Magdalena en Contreras|Ciudad de Mexico|21232,211062,12 de 20,6.9,60.0,60.23,465
Tatiana Mercader Cepeda,23,6,Lourdes|66|Carola|Itzapalapa|Ciudad de Mexico|79748,628789,18 de 30,6.93,60.0,59.4,466
Victor Méndez Iriarte,20,3,Lomas Verdes|69|La Ara–a|Benito Juarez|Ciudad de Mexico|46805,636173,9 de 15,7.07,60.0,58.21,467
Rosaura Sanchez Cortina,23,6,Los Tulipanes|60|Las Campanas|Iztacalco|Ciudad de Mexico|48530,177405,18 de 30,6.83,60.0,60.15,468
Victor Alcolea Soriano,23,7,Ampliacion Colinas del Sur|49|Sacramento|Gustavo A. Madero|Ciudad de Mexico|87890,635162,22 de 35,6.4,62.86,61.18,469
Amanda Maria Segarra Bru,25,10,El Tanquecito|93|Santa Catarina|Cuahutemoc|Ciudad de Mexico|88454,77630,30 de 50,6.74,60.0,60.75,470
Jacobo Ríos Leon,22,4,Gustavo Espinosa Mireles|77|La Pe–ita del Pueblo Tetelpan|Venustiano Carranza|Ciudad de Mexico|69895,979372,12 de 20,6.65,60.0,61.36,471
Rogelio Bermejo Rivero,24,5,La Herradura|96|Amado Nervo|Gustavo A. Madero|Ciudad de Mexico|37830,903419,15 de 25,6.92,60.0,58.72,472
Jacobo Ayala Borrell,23,7,Loma Dorada|65|San Agustin del Pueblo Tetelpan|Miguel Hidalgo|Ciudad de Mexico|34137,16131,21 de 35,6.83,60.0,59.21,473
Iker Arenas Cabo,22,6,1¡ de Mayo|9|Alcantarilla|La Magdalena en Contreras|Ciudad de Mexico|4905,916943,18 de 30,7.07,60.0,57.14,474
Jenny Victoria Peña Revilla,18,1,Residencial Rincon de San Vicente|43|Tetelpan|Álvaro Obregon|Ciudad de Mexico|42779,391965,3 de 5,5.8,60.0,69.57,475
Esmeralda Perera Gomez,20,1,La Estrella|39|Ampliacion La Cebada|Gustavo A. Madero|Ciudad de Mexico|87051,908515,3 de 5,5.8,60.0,69.57,476
Elisabet Miralles Reina,20,4,La Poza|76|Postal|Iztacalco|Ciudad de Mexico|62790,288640,12 de 20,6.95,60.0,57.95,477
Heraclio Gutiérrez Alvarado,26,10,Australia|77|Ampliacion Piloto Adolfo Lopez Mateos|Iztacalco|Ciudad de Mexico|99690,126621,30 de 50,6.68,60.0,60.28,478
Pacifica Pinto Salgado,19,2,Portal del Quijote|74|Ex-Hacienda de Tarango|Cuahutemoc|Ciudad de Mexico|15313,141574,6 de 10,6.7,60.0,60.0,479
Jonatan Fuertes Aguado,21,6,Villa Magna|51|Potrero del Llano|Cuahutemoc|Ciudad de Mexico|73964,770157,18 de 30,6.9,60.0,57.89,480
Santos Valera Bustos,23,5,Ampliacion Pacheco|69|Nextengo|Itzapalapa|Ciudad de Mexico|27203,128350,15 de 25,6.8,60.0,58.72,481
Bárbara Gutiérrez Alvarado,20,3,Lomas Verdes|22|La Ara–a|Venustiano Carranza|Ciudad de Mexico|68696,209404,9 de 15,6.67,60.0,59.7,482
Leyre Bas Garmendia,25,10,Jardines de Versalles|51|Euzkadi|Milpa Alta|Ciudad de Mexico|63459,268598,30 de 50,6.76,60.0,58.41,483
Consuelo Coca Ballesteros,22,3,Cerro del Pueblo|20|San Jose del Olivar|Cuahutemoc|Ciudad de Mexico|12508,989147,9 de 15,6.07,60.0,64.18,484
Anacleto Perera Gomez,21,6,Oceanea|72|Culhuacan CTM Seccion VI|Miguel Hidalgo|Ciudad de Mexico|28016,620994,18 de 30,6.6,60.0,58.65,485
Agustina Clavero Marquez,24,5,La Herradura|28|Ermita Tizapan|Iztacalco|Ciudad de Mexico|9273,580173,15 de 25,6.56,60.0,58.72,486
Fidela Caña Salgado,20,2,Alpes|2|Copilco El Alto|Cuahutemoc|Ciudad de Mexico|49777,22275,6 de 10,7.2,60.0,53.33,487
Isidro Julia Quiros,20,4,Jacarandas Jardin|83|Ampliacion San Pedro Xalpa|Coyoacan|Ciudad de Mexico|92065,340766,12 de 20,6.45,60.0,59.09,488
Amanda Maria Silva Acosta,19,2,Lomas de Guadalupe|69|Abraham M. Gonzalez|La Magdalena en Contreras|Ciudad de Mexico|20048,375938,6 de 10,6.3,60.0,60.0,489
Virginia Sanchez Checa,26,7,La Fragua|25|Los Sauces|Azcapotzalco|Ciudad de Mexico|59471,788992,21 de 35,6.6,60.0,57.24,490
Melania Oliveras Morán,21,3,Emiliano Zapata|22|El Molinito|Benito Juarez|Ciudad de Mexico|59830,444602,9 de 15,6.47,60.0,58.21,491
Leyre Robles Roca,26,9,Amistad Alianzas|88|Lomas de Nuevo Mexico|Álvaro Obregon|Ciudad de Mexico|18367,904746,27 de 45,6.44,60.0,58.25,492
Amilcar Bermejo Rivero,20,4,Bosques de las Lomas Residencial|93|Alfalfar|Iztacalco|Ciudad de Mexico|10833,599411,12 de 20,6.4,60.0,57.95,493
Santos Celso Valbuena Araujo,19,1,Rincones de la Aurora|87|Cruz Blanca|Gustavo A. Madero|Ciudad de Mexico|9004,929426,3 de 5,7.0,60.0,52.17,494
Sofia Ayala Borrell,19,1,Valle de San Antonio|14|Rancho San Francisco Pueblo San Bartolo Ameyalco|Coyoacan|Ciudad de Mexico|43590,69931,3 de 5,6.4,60.0,56.52,495
Ani Alcolea Soriano,18,1,Los Maestros|16|Cuadrante de San Francisco|Tlalpan|Ciudad de Mexico|81473,186408,3 de 5,6.4,60.0,56.52,496
Lucas Mercader Cepeda,19,1,Villas de San Isidro|85|Hermosillo|Benito Juarez|Ciudad de Mexico|54700,658956,3 de 5,5.8,60.0,60.87,497
Miguel Sastre Moreno,19,1,Brisas del Valle|23|angel Zimbron|Tlahuac|Ciudad de Mexico|8481,409954,3 de 5,6.6,60.0,52.17,498
Jonatan Barreda Cabeza,18,1,Balcones de Landin|27|San Pedro de los Pinos|Itzapalapa|Ciudad de Mexico|45884,143666,3 de 5,6.4,60.0,52.17,499
Adolfo Méndez Iriarte,19,1,Rincon de Guadalupe|54|San Jeronimo Aculco|Itzapalapa|Ciudad de Mexico|92473,126774,3 de 5,6.2,60.0,52.17,500
